file_path,dataset,raw_emotion,emotion,actor_id,gender,intensity,vocal_channel,split
/Users/harshmac/Desktop/Emotion Recognition/speech-emotion-recognition/backend/dataset/raw/ravdess/Actor_16/03-01-05-01-02-01-16.wav,ravdess,05,angry,16,female,normal,speech,train
/Users/harshmac/Desktop/Emotion Recognition/speech-emotion-recognition/backend/dataset/raw/ravdess/Actor_16/03-01-06-01-02-02-16.wav,ravdess,06,fear,16,female,normal,speech,train
/Users/harshmac/Desktop/Emotion Recognition/speech-emotion-recognition/backend/dataset/raw/ravdess/Actor_16/03-01-06-02-01-02-16.wav,ravdess,06,fear,16,female,strong,speech,train
/Users/harshmac/Desktop/Emotion Recognition/speech-emotion-recognition/backend/dataset/raw/ravdess/Actor_16/03-01-05-02-01-01-16.wav,ravdess,05,angry,16,female,strong,speech,test
/Users/harshmac/Desktop/Emotion Recognition/speech-emotion-recognition/backend/dataset/raw/ravdess/Actor_16/03-01-07-01-01-01-16.wav,ravdess,07,disgust,16,female,normal,speech,train
/Users/harshmac/Desktop/Emotion Recognition/speech-emotion-recognition/backend/dataset/raw/ravdess/Actor_16/03-01-04-01-01-02-16.wav,ravdess,04,sad,16,female,normal,speech,train
/Users/harshmac/Desktop/Emotion Recognition/speech-emotion-recognition/backend/dataset/raw/ravdess/Actor_16/03-01-04-02-02-02-16.wav,ravdess,04,sad,16,female,strong,speech,train
/Users/harshmac/Desktop/Emotion Recognition/speech-emotion-recognition/backend/dataset/raw/ravdess/Actor_16/03-01-07-02-02-01-16.wav,ravdess,07,disgust,16,female,strong,speech,train
/Users/harshmac/Desktop/Emotion Recognition/speech-emotion-recognition/backend/dataset/raw/ravdess/Actor_16/03-01-08-02-02-01-16.wav,ravdess,08,surprise,16,female,strong,speech,train
/Users/harshmac/Desktop/Emotion Recognition/speech-emotion-recognition/backend/dataset/raw/ravdess/Actor_16/03-01-08-01-01-01-16.wav,ravdess,08,surprise,16,female,normal,speech,train
/Users/harshmac/Desktop/Emotion Recognition/speech-emotion-recognition/backend/dataset/raw/ravdess/Actor_16/03-01-03-02-02-02-16.wav,ravdess,03,happy,16,female,strong,speech,train
/Users/harshmac/Desktop/Emotion Recognition/speech-emotion-recognition/backend/dataset/raw/ravdess/Actor_16/03-01-03-01-01-02-16.wav,ravdess,03,happy,16,female,normal,speech,val
/Users/harshmac/Desktop/Emotion Recognition/speech-emotion-recognition/backend/dataset/raw/ravdess/Actor_16/03-01-02-02-01-01-16.wav,ravdess,02,calm,16,female,strong,speech,train
/Users/harshmac/Desktop/Emotion Recognition/speech-emotion-recognition/backend/dataset/raw/ravdess/Actor_16/03-01-01-01-02-02-16.wav,ravdess,01,neutral,16,female,normal,speech,train
/Users/harshmac/Desktop/Emotion Recognition/speech-emotion-recognition/backend/dataset/raw/ravdess/Actor_16/03-01-02-01-02-01-16.wav,ravdess,02,calm,16,female,normal,speech,test
/Users/harshmac/Desktop/Emotion Recognition/speech-emotion-recognition/backend/dataset/raw/ravdess/Actor_16/03-01-03-02-01-01-16.wav,ravdess,03,happy,16,female,strong,speech,train
/Users/harshmac/Desktop/Emotion Recognition/speech-emotion-recognition/backend/dataset/raw/ravdess/Actor_16/03-01-03-01-02-01-16.wav,ravdess,03,happy,16,female,normal,speech,train
/Users/harshmac/Desktop/Emotion Recognition/speech-emotion-recognition/backend/dataset/raw/ravdess/Actor_16/03-01-02-02-02-02-16.wav,ravdess,02,calm,16,female,strong,speech,train
/Users/harshmac/Desktop/Emotion Recognition/speech-emotion-recognition/backend/dataset/raw/ravdess/Actor_16/03-01-02-01-01-02-16.wav,ravdess,02,calm,16,female,normal,speech,train
/Users/harshmac/Desktop/Emotion Recognition/speech-emotion-recognition/backend/dataset/raw/ravdess/Actor_16/03-01-01-01-01-01-16.wav,ravdess,01,neutral,16,female,normal,speech,train
/Users/harshmac/Desktop/Emotion Recognition/speech-emotion-recognition/backend/dataset/raw/ravdess/Actor_16/03-01-06-01-01-01-16.wav,ravdess,06,fear,16,female,normal,speech,train
/Users/harshmac/Desktop/Emotion Recognition/speech-emotion-recognition/backend/dataset/raw/ravdess/Actor_16/03-01-05-01-01-02-16.wav,ravdess,05,angry,16,female,normal,speech,train
/Users/harshmac/Desktop/Emotion Recognition/speech-emotion-recognition/backend/dataset/raw/ravdess/Actor_16/03-01-05-02-02-02-16.wav,ravdess,05,angry,16,female,strong,speech,val
/Users/harshmac/Desktop/Emotion Recognition/speech-emotion-recognition/backend/dataset/raw/ravdess/Actor_16/03-01-06-02-02-01-16.wav,ravdess,06,fear,16,female,strong,speech,val
/Users/harshmac/Desktop/Emotion Recognition/speech-emotion-recognition/backend/dataset/raw/ravdess/Actor_16/03-01-04-01-02-01-16.wav,ravdess,04,sad,16,female,normal,speech,train
/Users/harshmac/Desktop/Emotion Recognition/speech-emotion-recognition/backend/dataset/raw/ravdess/Actor_16/03-01-07-01-02-02-16.wav,ravdess,07,disgust,16,female,normal,speech,train
/Users/harshmac/Desktop/Emotion Recognition/speech-emotion-recognition/backend/dataset/raw/ravdess/Actor_16/03-01-07-02-01-02-16.wav,ravdess,07,disgust,16,female,strong,speech,train
/Users/harshmac/Desktop/Emotion Recognition/speech-emotion-recognition/backend/dataset/raw/ravdess/Actor_16/03-01-04-02-01-01-16.wav,ravdess,04,sad,16,female,strong,speech,train
/Users/harshmac/Desktop/Emotion Recognition/speech-emotion-recognition/backend/dataset/raw/ravdess/Actor_16/03-01-08-02-01-02-16.wav,ravdess,08,surprise,16,female,strong,speech,train
/Users/harshmac/Desktop/Emotion Recognition/speech-emotion-recognition/backend/dataset/raw/ravdess/Actor_16/03-01-08-01-02-02-16.wav,ravdess,08,surprise,16,female,normal,speech,train
/Users/harshmac/Desktop/Emotion Recognition/speech-emotion-recognition/backend/dataset/raw/ravdess/Actor_16/03-01-02-01-02-02-16.wav,ravdess,02,calm,16,female,normal,speech,train
/Users/harshmac/Desktop/Emotion Recognition/speech-emotion-recognition/backend/dataset/raw/ravdess/Actor_16/03-01-01-01-02-01-16.wav,ravdess,01,neutral,16,female,normal,speech,test
/Users/harshmac/Desktop/Emotion Recognition/speech-emotion-recognition/backend/dataset/raw/ravdess/Actor_16/03-01-02-02-01-02-16.wav,ravdess,02,calm,16,female,strong,speech,val
/Users/harshmac/Desktop/Emotion Recognition/speech-emotion-recognition/backend/dataset/raw/ravdess/Actor_16/03-01-03-01-01-01-16.wav,ravdess,03,happy,16,female,normal,speech,train
/Users/harshmac/Desktop/Emotion Recognition/speech-emotion-recognition/backend/dataset/raw/ravdess/Actor_16/03-01-03-02-02-01-16.wav,ravdess,03,happy,16,female,strong,speech,train
/Users/harshmac/Desktop/Emotion Recognition/speech-emotion-recognition/backend/dataset/raw/ravdess/Actor_16/03-01-07-02-02-02-16.wav,ravdess,07,disgust,16,female,strong,speech,test
/Users/harshmac/Desktop/Emotion Recognition/speech-emotion-recognition/backend/dataset/raw/ravdess/Actor_16/03-01-04-02-02-01-16.wav,ravdess,04,sad,16,female,strong,speech,test
/Users/harshmac/Desktop/Emotion Recognition/speech-emotion-recognition/backend/dataset/raw/ravdess/Actor_16/03-01-04-01-01-01-16.wav,ravdess,04,sad,16,female,normal,speech,val
/Users/harshmac/Desktop/Emotion Recognition/speech-emotion-recognition/backend/dataset/raw/ravdess/Actor_16/03-01-07-01-01-02-16.wav,ravdess,07,disgust,16,female,normal,speech,test
/Users/harshmac/Desktop/Emotion Recognition/speech-emotion-recognition/backend/dataset/raw/ravdess/Actor_16/03-01-05-02-01-02-16.wav,ravdess,05,angry,16,female,strong,speech,train
/Users/harshmac/Desktop/Emotion Recognition/speech-emotion-recognition/backend/dataset/raw/ravdess/Actor_16/03-01-06-02-01-01-16.wav,ravdess,06,fear,16,female,strong,speech,test
/Users/harshmac/Desktop/Emotion Recognition/speech-emotion-recognition/backend/dataset/raw/ravdess/Actor_16/03-01-06-01-02-01-16.wav,ravdess,06,fear,16,female,normal,speech,train
/Users/harshmac/Desktop/Emotion Recognition/speech-emotion-recognition/backend/dataset/raw/ravdess/Actor_16/03-01-05-01-02-02-16.wav,ravdess,05,angry,16,female,normal,speech,val
/Users/harshmac/Desktop/Emotion Recognition/speech-emotion-recognition/backend/dataset/raw/ravdess/Actor_16/03-01-08-01-01-02-16.wav,ravdess,08,surprise,16,female,normal,speech,train
/Users/harshmac/Desktop/Emotion Recognition/speech-emotion-recognition/backend/dataset/raw/ravdess/Actor_16/03-01-08-02-02-02-16.wav,ravdess,08,surprise,16,female,strong,speech,train
/Users/harshmac/Desktop/Emotion Recognition/speech-emotion-recognition/backend/dataset/raw/ravdess/Actor_16/03-01-04-02-01-02-16.wav,ravdess,04,sad,16,female,strong,speech,train
/Users/harshmac/Desktop/Emotion Recognition/speech-emotion-recognition/backend/dataset/raw/ravdess/Actor_16/03-01-07-02-01-01-16.wav,ravdess,07,disgust,16,female,strong,speech,train
/Users/harshmac/Desktop/Emotion Recognition/speech-emotion-recognition/backend/dataset/raw/ravdess/Actor_16/03-01-07-01-02-01-16.wav,ravdess,07,disgust,16,female,normal,speech,test
/Users/harshmac/Desktop/Emotion Recognition/speech-emotion-recognition/backend/dataset/raw/ravdess/Actor_16/03-01-04-01-02-02-16.wav,ravdess,04,sad,16,female,normal,speech,train
/Users/harshmac/Desktop/Emotion Recognition/speech-emotion-recognition/backend/dataset/raw/ravdess/Actor_16/03-01-06-02-02-02-16.wav,ravdess,06,fear,16,female,strong,speech,test
/Users/harshmac/Desktop/Emotion Recognition/speech-emotion-recognition/backend/dataset/raw/ravdess/Actor_16/03-01-05-02-02-01-16.wav,ravdess,05,angry,16,female,strong,speech,train
/Users/harshmac/Desktop/Emotion Recognition/speech-emotion-recognition/backend/dataset/raw/ravdess/Actor_16/03-01-05-01-01-01-16.wav,ravdess,05,angry,16,female,normal,speech,val
/Users/harshmac/Desktop/Emotion Recognition/speech-emotion-recognition/backend/dataset/raw/ravdess/Actor_16/03-01-06-01-01-02-16.wav,ravdess,06,fear,16,female,normal,speech,train
/Users/harshmac/Desktop/Emotion Recognition/speech-emotion-recognition/backend/dataset/raw/ravdess/Actor_16/03-01-08-01-02-01-16.wav,ravdess,08,surprise,16,female,normal,speech,test
/Users/harshmac/Desktop/Emotion Recognition/speech-emotion-recognition/backend/dataset/raw/ravdess/Actor_16/03-01-08-02-01-01-16.wav,ravdess,08,surprise,16,female,strong,speech,test
/Users/harshmac/Desktop/Emotion Recognition/speech-emotion-recognition/backend/dataset/raw/ravdess/Actor_16/03-01-01-01-01-02-16.wav,ravdess,01,neutral,16,female,normal,speech,train
/Users/harshmac/Desktop/Emotion Recognition/speech-emotion-recognition/backend/dataset/raw/ravdess/Actor_16/03-01-02-01-01-01-16.wav,ravdess,02,calm,16,female,normal,speech,train
/Users/harshmac/Desktop/Emotion Recognition/speech-emotion-recognition/backend/dataset/raw/ravdess/Actor_16/03-01-02-02-02-01-16.wav,ravdess,02,calm,16,female,strong,speech,train
/Users/harshmac/Desktop/Emotion Recognition/speech-emotion-recognition/backend/dataset/raw/ravdess/Actor_16/03-01-03-01-02-02-16.wav,ravdess,03,happy,16,female,normal,speech,train
/Users/harshmac/Desktop/Emotion Recognition/speech-emotion-recognition/backend/dataset/raw/ravdess/Actor_16/03-01-03-02-01-02-16.wav,ravdess,03,happy,16,female,strong,speech,train
/Users/harshmac/Desktop/Emotion Recognition/speech-emotion-recognition/backend/dataset/raw/ravdess/Actor_11/03-01-01-01-02-02-11.wav,ravdess,01,neutral,11,male,normal,speech,test
/Users/harshmac/Desktop/Emotion Recognition/speech-emotion-recognition/backend/dataset/raw/ravdess/Actor_11/03-01-02-01-02-01-11.wav,ravdess,02,calm,11,male,normal,speech,val
/Users/harshmac/Desktop/Emotion Recognition/speech-emotion-recognition/backend/dataset/raw/ravdess/Actor_11/03-01-02-02-01-01-11.wav,ravdess,02,calm,11,male,strong,speech,train
/Users/harshmac/Desktop/Emotion Recognition/speech-emotion-recognition/backend/dataset/raw/ravdess/Actor_11/03-01-03-01-01-02-11.wav,ravdess,03,happy,11,male,normal,speech,train
/Users/harshmac/Desktop/Emotion Recognition/speech-emotion-recognition/backend/dataset/raw/ravdess/Actor_11/03-01-03-02-02-02-11.wav,ravdess,03,happy,11,male,strong,speech,train
/Users/harshmac/Desktop/Emotion Recognition/speech-emotion-recognition/backend/dataset/raw/ravdess/Actor_11/03-01-04-02-02-02-11.wav,ravdess,04,sad,11,male,strong,speech,train
/Users/harshmac/Desktop/Emotion Recognition/speech-emotion-recognition/backend/dataset/raw/ravdess/Actor_11/03-01-07-02-02-01-11.wav,ravdess,07,disgust,11,male,strong,speech,val
/Users/harshmac/Desktop/Emotion Recognition/speech-emotion-recognition/backend/dataset/raw/ravdess/Actor_11/03-01-07-01-01-01-11.wav,ravdess,07,disgust,11,male,normal,speech,train
/Users/harshmac/Desktop/Emotion Recognition/speech-emotion-recognition/backend/dataset/raw/ravdess/Actor_11/03-01-04-01-01-02-11.wav,ravdess,04,sad,11,male,normal,speech,test
/Users/harshmac/Desktop/Emotion Recognition/speech-emotion-recognition/backend/dataset/raw/ravdess/Actor_11/03-01-06-02-01-02-11.wav,ravdess,06,fear,11,male,strong,speech,test
/Users/harshmac/Desktop/Emotion Recognition/speech-emotion-recognition/backend/dataset/raw/ravdess/Actor_11/03-01-05-02-01-01-11.wav,ravdess,05,angry,11,male,strong,speech,train
/Users/harshmac/Desktop/Emotion Recognition/speech-emotion-recognition/backend/dataset/raw/ravdess/Actor_11/03-01-05-01-02-01-11.wav,ravdess,05,angry,11,male,normal,speech,train
/Users/harshmac/Desktop/Emotion Recognition/speech-emotion-recognition/backend/dataset/raw/ravdess/Actor_11/03-01-06-01-02-02-11.wav,ravdess,06,fear,11,male,normal,speech,train
/Users/harshmac/Desktop/Emotion Recognition/speech-emotion-recognition/backend/dataset/raw/ravdess/Actor_11/03-01-08-01-01-01-11.wav,ravdess,08,surprise,11,male,normal,speech,train
/Users/harshmac/Desktop/Emotion Recognition/speech-emotion-recognition/backend/dataset/raw/ravdess/Actor_11/03-01-08-02-02-01-11.wav,ravdess,08,surprise,11,male,strong,speech,train
/Users/harshmac/Desktop/Emotion Recognition/speech-emotion-recognition/backend/dataset/raw/ravdess/Actor_11/03-01-07-02-01-02-11.wav,ravdess,07,disgust,11,male,strong,speech,val
/Users/harshmac/Desktop/Emotion Recognition/speech-emotion-recognition/backend/dataset/raw/ravdess/Actor_11/03-01-04-02-01-01-11.wav,ravdess,04,sad,11,male,strong,speech,train
/Users/harshmac/Desktop/Emotion Recognition/speech-emotion-recognition/backend/dataset/raw/ravdess/Actor_11/03-01-04-01-02-01-11.wav,ravdess,04,sad,11,male,normal,speech,train
/Users/harshmac/Desktop/Emotion Recognition/speech-emotion-recognition/backend/dataset/raw/ravdess/Actor_11/03-01-07-01-02-02-11.wav,ravdess,07,disgust,11,male,normal,speech,train
/Users/harshmac/Desktop/Emotion Recognition/speech-emotion-recognition/backend/dataset/raw/ravdess/Actor_11/03-01-05-02-02-02-11.wav,ravdess,05,angry,11,male,strong,speech,train
/Users/harshmac/Desktop/Emotion Recognition/speech-emotion-recognition/backend/dataset/raw/ravdess/Actor_11/03-01-06-02-02-01-11.wav,ravdess,06,fear,11,male,strong,speech,train
/Users/harshmac/Desktop/Emotion Recognition/speech-emotion-recognition/backend/dataset/raw/ravdess/Actor_11/03-01-06-01-01-01-11.wav,ravdess,06,fear,11,male,normal,speech,train
/Users/harshmac/Desktop/Emotion Recognition/speech-emotion-recognition/backend/dataset/raw/ravdess/Actor_11/03-01-05-01-01-02-11.wav,ravdess,05,angry,11,male,normal,speech,train
/Users/harshmac/Desktop/Emotion Recognition/speech-emotion-recognition/backend/dataset/raw/ravdess/Actor_11/03-01-08-01-02-02-11.wav,ravdess,08,surprise,11,male,normal,speech,train
/Users/harshmac/Desktop/Emotion Recognition/speech-emotion-recognition/backend/dataset/raw/ravdess/Actor_11/03-01-08-02-01-02-11.wav,ravdess,08,surprise,11,male,strong,speech,train
/Users/harshmac/Desktop/Emotion Recognition/speech-emotion-recognition/backend/dataset/raw/ravdess/Actor_11/03-01-02-01-01-02-11.wav,ravdess,02,calm,11,male,normal,speech,val
/Users/harshmac/Desktop/Emotion Recognition/speech-emotion-recognition/backend/dataset/raw/ravdess/Actor_11/03-01-01-01-01-01-11.wav,ravdess,01,neutral,11,male,normal,speech,test
/Users/harshmac/Desktop/Emotion Recognition/speech-emotion-recognition/backend/dataset/raw/ravdess/Actor_11/03-01-02-02-02-02-11.wav,ravdess,02,calm,11,male,strong,speech,train
/Users/harshmac/Desktop/Emotion Recognition/speech-emotion-recognition/backend/dataset/raw/ravdess/Actor_11/03-01-03-01-02-01-11.wav,ravdess,03,happy,11,male,normal,speech,train
/Users/harshmac/Desktop/Emotion Recognition/speech-emotion-recognition/backend/dataset/raw/ravdess/Actor_11/03-01-03-02-01-01-11.wav,ravdess,03,happy,11,male,strong,speech,val
/Users/harshmac/Desktop/Emotion Recognition/speech-emotion-recognition/backend/dataset/raw/ravdess/Actor_11/03-01-06-01-02-01-11.wav,ravdess,06,fear,11,male,normal,speech,train
/Users/harshmac/Desktop/Emotion Recognition/speech-emotion-recognition/backend/dataset/raw/ravdess/Actor_11/03-01-05-01-02-02-11.wav,ravdess,05,angry,11,male,normal,speech,train
/Users/harshmac/Desktop/Emotion Recognition/speech-emotion-recognition/backend/dataset/raw/ravdess/Actor_11/03-01-05-02-01-02-11.wav,ravdess,05,angry,11,male,strong,speech,val
/Users/harshmac/Desktop/Emotion Recognition/speech-emotion-recognition/backend/dataset/raw/ravdess/Actor_11/03-01-06-02-01-01-11.wav,ravdess,06,fear,11,male,strong,speech,train
/Users/harshmac/Desktop/Emotion Recognition/speech-emotion-recognition/backend/dataset/raw/ravdess/Actor_11/03-01-04-01-01-01-11.wav,ravdess,04,sad,11,male,normal,speech,val
/Users/harshmac/Desktop/Emotion Recognition/speech-emotion-recognition/backend/dataset/raw/ravdess/Actor_11/03-01-07-01-01-02-11.wav,ravdess,07,disgust,11,male,normal,speech,test
/Users/harshmac/Desktop/Emotion Recognition/speech-emotion-recognition/backend/dataset/raw/ravdess/Actor_11/03-01-07-02-02-02-11.wav,ravdess,07,disgust,11,male,strong,speech,val
/Users/harshmac/Desktop/Emotion Recognition/speech-emotion-recognition/backend/dataset/raw/ravdess/Actor_11/03-01-04-02-02-01-11.wav,ravdess,04,sad,11,male,strong,speech,train
/Users/harshmac/Desktop/Emotion Recognition/speech-emotion-recognition/backend/dataset/raw/ravdess/Actor_11/03-01-08-02-02-02-11.wav,ravdess,08,surprise,11,male,strong,speech,val
/Users/harshmac/Desktop/Emotion Recognition/speech-emotion-recognition/backend/dataset/raw/ravdess/Actor_11/03-01-08-01-01-02-11.wav,ravdess,08,surprise,11,male,normal,speech,train
/Users/harshmac/Desktop/Emotion Recognition/speech-emotion-recognition/backend/dataset/raw/ravdess/Actor_11/03-01-03-02-02-01-11.wav,ravdess,03,happy,11,male,strong,speech,train
/Users/harshmac/Desktop/Emotion Recognition/speech-emotion-recognition/backend/dataset/raw/ravdess/Actor_11/03-01-03-01-01-01-11.wav,ravdess,03,happy,11,male,normal,speech,train
/Users/harshmac/Desktop/Emotion Recognition/speech-emotion-recognition/backend/dataset/raw/ravdess/Actor_11/03-01-02-02-01-02-11.wav,ravdess,02,calm,11,male,strong,speech,train
/Users/harshmac/Desktop/Emotion Recognition/speech-emotion-recognition/backend/dataset/raw/ravdess/Actor_11/03-01-02-01-02-02-11.wav,ravdess,02,calm,11,male,normal,speech,train
/Users/harshmac/Desktop/Emotion Recognition/speech-emotion-recognition/backend/dataset/raw/ravdess/Actor_11/03-01-01-01-02-01-11.wav,ravdess,01,neutral,11,male,normal,speech,train
/Users/harshmac/Desktop/Emotion Recognition/speech-emotion-recognition/backend/dataset/raw/ravdess/Actor_11/03-01-03-02-01-02-11.wav,ravdess,03,happy,11,male,strong,speech,train
/Users/harshmac/Desktop/Emotion Recognition/speech-emotion-recognition/backend/dataset/raw/ravdess/Actor_11/03-01-03-01-02-02-11.wav,ravdess,03,happy,11,male,normal,speech,train
/Users/harshmac/Desktop/Emotion Recognition/speech-emotion-recognition/backend/dataset/raw/ravdess/Actor_11/03-01-02-02-02-01-11.wav,ravdess,02,calm,11,male,strong,speech,train
/Users/harshmac/Desktop/Emotion Recognition/speech-emotion-recognition/backend/dataset/raw/ravdess/Actor_11/03-01-01-01-01-02-11.wav,ravdess,01,neutral,11,male,normal,speech,train
/Users/harshmac/Desktop/Emotion Recognition/speech-emotion-recognition/backend/dataset/raw/ravdess/Actor_11/03-01-02-01-01-01-11.wav,ravdess,02,calm,11,male,normal,speech,train
/Users/harshmac/Desktop/Emotion Recognition/speech-emotion-recognition/backend/dataset/raw/ravdess/Actor_11/03-01-05-01-01-01-11.wav,ravdess,05,angry,11,male,normal,speech,test
/Users/harshmac/Desktop/Emotion Recognition/speech-emotion-recognition/backend/dataset/raw/ravdess/Actor_11/03-01-06-01-01-02-11.wav,ravdess,06,fear,11,male,normal,speech,train
/Users/harshmac/Desktop/Emotion Recognition/speech-emotion-recognition/backend/dataset/raw/ravdess/Actor_11/03-01-06-02-02-02-11.wav,ravdess,06,fear,11,male,strong,speech,val
/Users/harshmac/Desktop/Emotion Recognition/speech-emotion-recognition/backend/dataset/raw/ravdess/Actor_11/03-01-05-02-02-01-11.wav,ravdess,05,angry,11,male,strong,speech,train
/Users/harshmac/Desktop/Emotion Recognition/speech-emotion-recognition/backend/dataset/raw/ravdess/Actor_11/03-01-07-01-02-01-11.wav,ravdess,07,disgust,11,male,normal,speech,test
/Users/harshmac/Desktop/Emotion Recognition/speech-emotion-recognition/backend/dataset/raw/ravdess/Actor_11/03-01-04-01-02-02-11.wav,ravdess,04,sad,11,male,normal,speech,test
/Users/harshmac/Desktop/Emotion Recognition/speech-emotion-recognition/backend/dataset/raw/ravdess/Actor_11/03-01-04-02-01-02-11.wav,ravdess,04,sad,11,male,strong,speech,train
/Users/harshmac/Desktop/Emotion Recognition/speech-emotion-recognition/backend/dataset/raw/ravdess/Actor_11/03-01-07-02-01-01-11.wav,ravdess,07,disgust,11,male,strong,speech,train
/Users/harshmac/Desktop/Emotion Recognition/speech-emotion-recognition/backend/dataset/raw/ravdess/Actor_11/03-01-08-02-01-01-11.wav,ravdess,08,surprise,11,male,strong,speech,train
/Users/harshmac/Desktop/Emotion Recognition/speech-emotion-recognition/backend/dataset/raw/ravdess/Actor_11/03-01-08-01-02-01-11.wav,ravdess,08,surprise,11,male,normal,speech,train
/Users/harshmac/Desktop/Emotion Recognition/speech-emotion-recognition/backend/dataset/raw/ravdess/Actor_18/03-01-03-02-01-02-18.wav,ravdess,03,happy,18,female,strong,speech,test
/Users/harshmac/Desktop/Emotion Recognition/speech-emotion-recognition/backend/dataset/raw/ravdess/Actor_18/03-01-03-01-02-02-18.wav,ravdess,03,happy,18,female,normal,speech,train
/Users/harshmac/Desktop/Emotion Recognition/speech-emotion-recognition/backend/dataset/raw/ravdess/Actor_18/03-01-02-02-02-01-18.wav,ravdess,02,calm,18,female,strong,speech,train
/Users/harshmac/Desktop/Emotion Recognition/speech-emotion-recognition/backend/dataset/raw/ravdess/Actor_18/03-01-02-01-01-01-18.wav,ravdess,02,calm,18,female,normal,speech,train
/Users/harshmac/Desktop/Emotion Recognition/speech-emotion-recognition/backend/dataset/raw/ravdess/Actor_18/03-01-01-01-01-02-18.wav,ravdess,01,neutral,18,female,normal,speech,train
/Users/harshmac/Desktop/Emotion Recognition/speech-emotion-recognition/backend/dataset/raw/ravdess/Actor_18/03-01-06-01-01-02-18.wav,ravdess,06,fear,18,female,normal,speech,train
/Users/harshmac/Desktop/Emotion Recognition/speech-emotion-recognition/backend/dataset/raw/ravdess/Actor_18/03-01-05-01-01-01-18.wav,ravdess,05,angry,18,female,normal,speech,train
/Users/harshmac/Desktop/Emotion Recognition/speech-emotion-recognition/backend/dataset/raw/ravdess/Actor_18/03-01-05-02-02-01-18.wav,ravdess,05,angry,18,female,strong,speech,train
/Users/harshmac/Desktop/Emotion Recognition/speech-emotion-recognition/backend/dataset/raw/ravdess/Actor_18/03-01-06-02-02-02-18.wav,ravdess,06,fear,18,female,strong,speech,train
/Users/harshmac/Desktop/Emotion Recognition/speech-emotion-recognition/backend/dataset/raw/ravdess/Actor_18/03-01-04-01-02-02-18.wav,ravdess,04,sad,18,female,normal,speech,train
/Users/harshmac/Desktop/Emotion Recognition/speech-emotion-recognition/backend/dataset/raw/ravdess/Actor_18/03-01-07-01-02-01-18.wav,ravdess,07,disgust,18,female,normal,speech,train
/Users/harshmac/Desktop/Emotion Recognition/speech-emotion-recognition/backend/dataset/raw/ravdess/Actor_18/03-01-07-02-01-01-18.wav,ravdess,07,disgust,18,female,strong,speech,val
/Users/harshmac/Desktop/Emotion Recognition/speech-emotion-recognition/backend/dataset/raw/ravdess/Actor_18/03-01-04-02-01-02-18.wav,ravdess,04,sad,18,female,strong,speech,train
/Users/harshmac/Desktop/Emotion Recognition/speech-emotion-recognition/backend/dataset/raw/ravdess/Actor_18/03-01-08-02-01-01-18.wav,ravdess,08,surprise,18,female,strong,speech,train
/Users/harshmac/Desktop/Emotion Recognition/speech-emotion-recognition/backend/dataset/raw/ravdess/Actor_18/03-01-08-01-02-01-18.wav,ravdess,08,surprise,18,female,normal,speech,train
/Users/harshmac/Desktop/Emotion Recognition/speech-emotion-recognition/backend/dataset/raw/ravdess/Actor_18/03-01-05-01-02-02-18.wav,ravdess,05,angry,18,female,normal,speech,train
/Users/harshmac/Desktop/Emotion Recognition/speech-emotion-recognition/backend/dataset/raw/ravdess/Actor_18/03-01-06-01-02-01-18.wav,ravdess,06,fear,18,female,normal,speech,train
/Users/harshmac/Desktop/Emotion Recognition/speech-emotion-recognition/backend/dataset/raw/ravdess/Actor_18/03-01-06-02-01-01-18.wav,ravdess,06,fear,18,female,strong,speech,train
/Users/harshmac/Desktop/Emotion Recognition/speech-emotion-recognition/backend/dataset/raw/ravdess/Actor_18/03-01-05-02-01-02-18.wav,ravdess,05,angry,18,female,strong,speech,train
/Users/harshmac/Desktop/Emotion Recognition/speech-emotion-recognition/backend/dataset/raw/ravdess/Actor_18/03-01-07-01-01-02-18.wav,ravdess,07,disgust,18,female,normal,speech,train
/Users/harshmac/Desktop/Emotion Recognition/speech-emotion-recognition/backend/dataset/raw/ravdess/Actor_18/03-01-04-01-01-01-18.wav,ravdess,04,sad,18,female,normal,speech,train
/Users/harshmac/Desktop/Emotion Recognition/speech-emotion-recognition/backend/dataset/raw/ravdess/Actor_18/03-01-04-02-02-01-18.wav,ravdess,04,sad,18,female,strong,speech,train
/Users/harshmac/Desktop/Emotion Recognition/speech-emotion-recognition/backend/dataset/raw/ravdess/Actor_18/03-01-07-02-02-02-18.wav,ravdess,07,disgust,18,female,strong,speech,train
/Users/harshmac/Desktop/Emotion Recognition/speech-emotion-recognition/backend/dataset/raw/ravdess/Actor_18/03-01-08-02-02-02-18.wav,ravdess,08,surprise,18,female,strong,speech,train
/Users/harshmac/Desktop/Emotion Recognition/speech-emotion-recognition/backend/dataset/raw/ravdess/Actor_18/03-01-08-01-01-02-18.wav,ravdess,08,surprise,18,female,normal,speech,val
/Users/harshmac/Desktop/Emotion Recognition/speech-emotion-recognition/backend/dataset/raw/ravdess/Actor_18/03-01-03-02-02-01-18.wav,ravdess,03,happy,18,female,strong,speech,train
/Users/harshmac/Desktop/Emotion Recognition/speech-emotion-recognition/backend/dataset/raw/ravdess/Actor_18/03-01-03-01-01-01-18.wav,ravdess,03,happy,18,female,normal,speech,train
/Users/harshmac/Desktop/Emotion Recognition/speech-emotion-recognition/backend/dataset/raw/ravdess/Actor_18/03-01-02-02-01-02-18.wav,ravdess,02,calm,18,female,strong,speech,train
/Users/harshmac/Desktop/Emotion Recognition/speech-emotion-recognition/backend/dataset/raw/ravdess/Actor_18/03-01-01-01-02-01-18.wav,ravdess,01,neutral,18,female,normal,speech,test
/Users/harshmac/Desktop/Emotion Recognition/speech-emotion-recognition/backend/dataset/raw/ravdess/Actor_18/03-01-02-01-02-02-18.wav,ravdess,02,calm,18,female,normal,speech,train
/Users/harshmac/Desktop/Emotion Recognition/speech-emotion-recognition/backend/dataset/raw/ravdess/Actor_18/03-01-04-02-01-01-18.wav,ravdess,04,sad,18,female,strong,speech,val
/Users/harshmac/Desktop/Emotion Recognition/speech-emotion-recognition/backend/dataset/raw/ravdess/Actor_18/03-01-07-02-01-02-18.wav,ravdess,07,disgust,18,female,strong,speech,train
/Users/harshmac/Desktop/Emotion Recognition/speech-emotion-recognition/backend/dataset/raw/ravdess/Actor_18/03-01-07-01-02-02-18.wav,ravdess,07,disgust,18,female,normal,speech,train
/Users/harshmac/Desktop/Emotion Recognition/speech-emotion-recognition/backend/dataset/raw/ravdess/Actor_18/03-01-04-01-02-01-18.wav,ravdess,04,sad,18,female,normal,speech,train
/Users/harshmac/Desktop/Emotion Recognition/speech-emotion-recognition/backend/dataset/raw/ravdess/Actor_18/03-01-06-02-02-01-18.wav,ravdess,06,fear,18,female,strong,speech,train
/Users/harshmac/Desktop/Emotion Recognition/speech-emotion-recognition/backend/dataset/raw/ravdess/Actor_18/03-01-05-02-02-02-18.wav,ravdess,05,angry,18,female,strong,speech,test
/Users/harshmac/Desktop/Emotion Recognition/speech-emotion-recognition/backend/dataset/raw/ravdess/Actor_18/03-01-05-01-01-02-18.wav,ravdess,05,angry,18,female,normal,speech,test
/Users/harshmac/Desktop/Emotion Recognition/speech-emotion-recognition/backend/dataset/raw/ravdess/Actor_18/03-01-06-01-01-01-18.wav,ravdess,06,fear,18,female,normal,speech,train
/Users/harshmac/Desktop/Emotion Recognition/speech-emotion-recognition/backend/dataset/raw/ravdess/Actor_18/03-01-08-01-02-02-18.wav,ravdess,08,surprise,18,female,normal,speech,train
/Users/harshmac/Desktop/Emotion Recognition/speech-emotion-recognition/backend/dataset/raw/ravdess/Actor_18/03-01-08-02-01-02-18.wav,ravdess,08,surprise,18,female,strong,speech,val
/Users/harshmac/Desktop/Emotion Recognition/speech-emotion-recognition/backend/dataset/raw/ravdess/Actor_18/03-01-01-01-01-01-18.wav,ravdess,01,neutral,18,female,normal,speech,test
/Users/harshmac/Desktop/Emotion Recognition/speech-emotion-recognition/backend/dataset/raw/ravdess/Actor_18/03-01-02-01-01-02-18.wav,ravdess,02,calm,18,female,normal,speech,train
/Users/harshmac/Desktop/Emotion Recognition/speech-emotion-recognition/backend/dataset/raw/ravdess/Actor_18/03-01-02-02-02-02-18.wav,ravdess,02,calm,18,female,strong,speech,train
/Users/harshmac/Desktop/Emotion Recognition/speech-emotion-recognition/backend/dataset/raw/ravdess/Actor_18/03-01-03-01-02-01-18.wav,ravdess,03,happy,18,female,normal,speech,train
/Users/harshmac/Desktop/Emotion Recognition/speech-emotion-recognition/backend/dataset/raw/ravdess/Actor_18/03-01-03-02-01-01-18.wav,ravdess,03,happy,18,female,strong,speech,train
/Users/harshmac/Desktop/Emotion Recognition/speech-emotion-recognition/backend/dataset/raw/ravdess/Actor_18/03-01-02-01-02-01-18.wav,ravdess,02,calm,18,female,normal,speech,train
/Users/harshmac/Desktop/Emotion Recognition/speech-emotion-recognition/backend/dataset/raw/ravdess/Actor_18/03-01-01-01-02-02-18.wav,ravdess,01,neutral,18,female,normal,speech,train
/Users/harshmac/Desktop/Emotion Recognition/speech-emotion-recognition/backend/dataset/raw/ravdess/Actor_18/03-01-02-02-01-01-18.wav,ravdess,02,calm,18,female,strong,speech,test
/Users/harshmac/Desktop/Emotion Recognition/speech-emotion-recognition/backend/dataset/raw/ravdess/Actor_18/03-01-03-01-01-02-18.wav,ravdess,03,happy,18,female,normal,speech,train
/Users/harshmac/Desktop/Emotion Recognition/speech-emotion-recognition/backend/dataset/raw/ravdess/Actor_18/03-01-03-02-02-02-18.wav,ravdess,03,happy,18,female,strong,speech,train
/Users/harshmac/Desktop/Emotion Recognition/speech-emotion-recognition/backend/dataset/raw/ravdess/Actor_18/03-01-07-02-02-01-18.wav,ravdess,07,disgust,18,female,strong,speech,train
/Users/harshmac/Desktop/Emotion Recognition/speech-emotion-recognition/backend/dataset/raw/ravdess/Actor_18/03-01-04-02-02-02-18.wav,ravdess,04,sad,18,female,strong,speech,train
/Users/harshmac/Desktop/Emotion Recognition/speech-emotion-recognition/backend/dataset/raw/ravdess/Actor_18/03-01-04-01-01-02-18.wav,ravdess,04,sad,18,female,normal,speech,train
/Users/harshmac/Desktop/Emotion Recognition/speech-emotion-recognition/backend/dataset/raw/ravdess/Actor_18/03-01-07-01-01-01-18.wav,ravdess,07,disgust,18,female,normal,speech,train
/Users/harshmac/Desktop/Emotion Recognition/speech-emotion-recognition/backend/dataset/raw/ravdess/Actor_18/03-01-05-02-01-01-18.wav,ravdess,05,angry,18,female,strong,speech,train
/Users/harshmac/Desktop/Emotion Recognition/speech-emotion-recognition/backend/dataset/raw/ravdess/Actor_18/03-01-06-02-01-02-18.wav,ravdess,06,fear,18,female,strong,speech,train
/Users/harshmac/Desktop/Emotion Recognition/speech-emotion-recognition/backend/dataset/raw/ravdess/Actor_18/03-01-06-01-02-02-18.wav,ravdess,06,fear,18,female,normal,speech,train
/Users/harshmac/Desktop/Emotion Recognition/speech-emotion-recognition/backend/dataset/raw/ravdess/Actor_18/03-01-05-01-02-01-18.wav,ravdess,05,angry,18,female,normal,speech,train
/Users/harshmac/Desktop/Emotion Recognition/speech-emotion-recognition/backend/dataset/raw/ravdess/Actor_18/03-01-08-01-01-01-18.wav,ravdess,08,surprise,18,female,normal,speech,train
/Users/harshmac/Desktop/Emotion Recognition/speech-emotion-recognition/backend/dataset/raw/ravdess/Actor_18/03-01-08-02-02-01-18.wav,ravdess,08,surprise,18,female,strong,speech,train
/Users/harshmac/Desktop/Emotion Recognition/speech-emotion-recognition/backend/dataset/raw/ravdess/Actor_20/03-01-08-01-02-01-20.wav,ravdess,08,surprise,20,female,normal,speech,val
/Users/harshmac/Desktop/Emotion Recognition/speech-emotion-recognition/backend/dataset/raw/ravdess/Actor_20/03-01-08-02-01-01-20.wav,ravdess,08,surprise,20,female,strong,speech,train
/Users/harshmac/Desktop/Emotion Recognition/speech-emotion-recognition/backend/dataset/raw/ravdess/Actor_20/03-01-04-02-01-02-20.wav,ravdess,04,sad,20,female,strong,speech,train
/Users/harshmac/Desktop/Emotion Recognition/speech-emotion-recognition/backend/dataset/raw/ravdess/Actor_20/03-01-07-02-01-01-20.wav,ravdess,07,disgust,20,female,strong,speech,val
/Users/harshmac/Desktop/Emotion Recognition/speech-emotion-recognition/backend/dataset/raw/ravdess/Actor_20/03-01-07-01-02-01-20.wav,ravdess,07,disgust,20,female,normal,speech,train
/Users/harshmac/Desktop/Emotion Recognition/speech-emotion-recognition/backend/dataset/raw/ravdess/Actor_20/03-01-04-01-02-02-20.wav,ravdess,04,sad,20,female,normal,speech,train
/Users/harshmac/Desktop/Emotion Recognition/speech-emotion-recognition/backend/dataset/raw/ravdess/Actor_20/03-01-06-02-02-02-20.wav,ravdess,06,fear,20,female,strong,speech,val
/Users/harshmac/Desktop/Emotion Recognition/speech-emotion-recognition/backend/dataset/raw/ravdess/Actor_20/03-01-05-02-02-01-20.wav,ravdess,05,angry,20,female,strong,speech,train
/Users/harshmac/Desktop/Emotion Recognition/speech-emotion-recognition/backend/dataset/raw/ravdess/Actor_20/03-01-05-01-01-01-20.wav,ravdess,05,angry,20,female,normal,speech,train
/Users/harshmac/Desktop/Emotion Recognition/speech-emotion-recognition/backend/dataset/raw/ravdess/Actor_20/03-01-06-01-01-02-20.wav,ravdess,06,fear,20,female,normal,speech,train
/Users/harshmac/Desktop/Emotion Recognition/speech-emotion-recognition/backend/dataset/raw/ravdess/Actor_20/03-01-01-01-01-02-20.wav,ravdess,01,neutral,20,female,normal,speech,train
/Users/harshmac/Desktop/Emotion Recognition/speech-emotion-recognition/backend/dataset/raw/ravdess/Actor_20/03-01-02-01-01-01-20.wav,ravdess,02,calm,20,female,normal,speech,train
/Users/harshmac/Desktop/Emotion Recognition/speech-emotion-recognition/backend/dataset/raw/ravdess/Actor_20/03-01-02-02-02-01-20.wav,ravdess,02,calm,20,female,strong,speech,train
/Users/harshmac/Desktop/Emotion Recognition/speech-emotion-recognition/backend/dataset/raw/ravdess/Actor_20/03-01-03-01-02-02-20.wav,ravdess,03,happy,20,female,normal,speech,val
/Users/harshmac/Desktop/Emotion Recognition/speech-emotion-recognition/backend/dataset/raw/ravdess/Actor_20/03-01-03-02-01-02-20.wav,ravdess,03,happy,20,female,strong,speech,train
/Users/harshmac/Desktop/Emotion Recognition/speech-emotion-recognition/backend/dataset/raw/ravdess/Actor_20/03-01-02-01-02-02-20.wav,ravdess,02,calm,20,female,normal,speech,train
/Users/harshmac/Desktop/Emotion Recognition/speech-emotion-recognition/backend/dataset/raw/ravdess/Actor_20/03-01-01-01-02-01-20.wav,ravdess,01,neutral,20,female,normal,speech,test
/Users/harshmac/Desktop/Emotion Recognition/speech-emotion-recognition/backend/dataset/raw/ravdess/Actor_20/03-01-02-02-01-02-20.wav,ravdess,02,calm,20,female,strong,speech,train
/Users/harshmac/Desktop/Emotion Recognition/speech-emotion-recognition/backend/dataset/raw/ravdess/Actor_20/03-01-03-01-01-01-20.wav,ravdess,03,happy,20,female,normal,speech,train
/Users/harshmac/Desktop/Emotion Recognition/speech-emotion-recognition/backend/dataset/raw/ravdess/Actor_20/03-01-03-02-02-01-20.wav,ravdess,03,happy,20,female,strong,speech,train
/Users/harshmac/Desktop/Emotion Recognition/speech-emotion-recognition/backend/dataset/raw/ravdess/Actor_20/03-01-08-01-01-02-20.wav,ravdess,08,surprise,20,female,normal,speech,train
/Users/harshmac/Desktop/Emotion Recognition/speech-emotion-recognition/backend/dataset/raw/ravdess/Actor_20/03-01-08-02-02-02-20.wav,ravdess,08,surprise,20,female,strong,speech,train
/Users/harshmac/Desktop/Emotion Recognition/speech-emotion-recognition/backend/dataset/raw/ravdess/Actor_20/03-01-07-02-02-02-20.wav,ravdess,07,disgust,20,female,strong,speech,train
/Users/harshmac/Desktop/Emotion Recognition/speech-emotion-recognition/backend/dataset/raw/ravdess/Actor_20/03-01-04-02-02-01-20.wav,ravdess,04,sad,20,female,strong,speech,train
/Users/harshmac/Desktop/Emotion Recognition/speech-emotion-recognition/backend/dataset/raw/ravdess/Actor_20/03-01-04-01-01-01-20.wav,ravdess,04,sad,20,female,normal,speech,train
/Users/harshmac/Desktop/Emotion Recognition/speech-emotion-recognition/backend/dataset/raw/ravdess/Actor_20/03-01-07-01-01-02-20.wav,ravdess,07,disgust,20,female,normal,speech,train
/Users/harshmac/Desktop/Emotion Recognition/speech-emotion-recognition/backend/dataset/raw/ravdess/Actor_20/03-01-05-02-01-02-20.wav,ravdess,05,angry,20,female,strong,speech,train
/Users/harshmac/Desktop/Emotion Recognition/speech-emotion-recognition/backend/dataset/raw/ravdess/Actor_20/03-01-06-02-01-01-20.wav,ravdess,06,fear,20,female,strong,speech,test
/Users/harshmac/Desktop/Emotion Recognition/speech-emotion-recognition/backend/dataset/raw/ravdess/Actor_20/03-01-06-01-02-01-20.wav,ravdess,06,fear,20,female,normal,speech,val
/Users/harshmac/Desktop/Emotion Recognition/speech-emotion-recognition/backend/dataset/raw/ravdess/Actor_20/03-01-05-01-02-02-20.wav,ravdess,05,angry,20,female,normal,speech,train
/Users/harshmac/Desktop/Emotion Recognition/speech-emotion-recognition/backend/dataset/raw/ravdess/Actor_20/03-01-03-02-01-01-20.wav,ravdess,03,happy,20,female,strong,speech,test
/Users/harshmac/Desktop/Emotion Recognition/speech-emotion-recognition/backend/dataset/raw/ravdess/Actor_20/03-01-03-01-02-01-20.wav,ravdess,03,happy,20,female,normal,speech,test
/Users/harshmac/Desktop/Emotion Recognition/speech-emotion-recognition/backend/dataset/raw/ravdess/Actor_20/03-01-02-02-02-02-20.wav,ravdess,02,calm,20,female,strong,speech,val
/Users/harshmac/Desktop/Emotion Recognition/speech-emotion-recognition/backend/dataset/raw/ravdess/Actor_20/03-01-02-01-01-02-20.wav,ravdess,02,calm,20,female,normal,speech,train
/Users/harshmac/Desktop/Emotion Recognition/speech-emotion-recognition/backend/dataset/raw/ravdess/Actor_20/03-01-01-01-01-01-20.wav,ravdess,01,neutral,20,female,normal,speech,train
/Users/harshmac/Desktop/Emotion Recognition/speech-emotion-recognition/backend/dataset/raw/ravdess/Actor_20/03-01-08-02-01-02-20.wav,ravdess,08,surprise,20,female,strong,speech,train
/Users/harshmac/Desktop/Emotion Recognition/speech-emotion-recognition/backend/dataset/raw/ravdess/Actor_20/03-01-08-01-02-02-20.wav,ravdess,08,surprise,20,female,normal,speech,train
/Users/harshmac/Desktop/Emotion Recognition/speech-emotion-recognition/backend/dataset/raw/ravdess/Actor_20/03-01-06-01-01-01-20.wav,ravdess,06,fear,20,female,normal,speech,test
/Users/harshmac/Desktop/Emotion Recognition/speech-emotion-recognition/backend/dataset/raw/ravdess/Actor_20/03-01-05-01-01-02-20.wav,ravdess,05,angry,20,female,normal,speech,train
/Users/harshmac/Desktop/Emotion Recognition/speech-emotion-recognition/backend/dataset/raw/ravdess/Actor_20/03-01-05-02-02-02-20.wav,ravdess,05,angry,20,female,strong,speech,val
/Users/harshmac/Desktop/Emotion Recognition/speech-emotion-recognition/backend/dataset/raw/ravdess/Actor_20/03-01-06-02-02-01-20.wav,ravdess,06,fear,20,female,strong,speech,train
/Users/harshmac/Desktop/Emotion Recognition/speech-emotion-recognition/backend/dataset/raw/ravdess/Actor_20/03-01-04-01-02-01-20.wav,ravdess,04,sad,20,female,normal,speech,train
/Users/harshmac/Desktop/Emotion Recognition/speech-emotion-recognition/backend/dataset/raw/ravdess/Actor_20/03-01-07-01-02-02-20.wav,ravdess,07,disgust,20,female,normal,speech,val
/Users/harshmac/Desktop/Emotion Recognition/speech-emotion-recognition/backend/dataset/raw/ravdess/Actor_20/03-01-07-02-01-02-20.wav,ravdess,07,disgust,20,female,strong,speech,train
/Users/harshmac/Desktop/Emotion Recognition/speech-emotion-recognition/backend/dataset/raw/ravdess/Actor_20/03-01-04-02-01-01-20.wav,ravdess,04,sad,20,female,strong,speech,train
/Users/harshmac/Desktop/Emotion Recognition/speech-emotion-recognition/backend/dataset/raw/ravdess/Actor_20/03-01-08-02-02-01-20.wav,ravdess,08,surprise,20,female,strong,speech,val
/Users/harshmac/Desktop/Emotion Recognition/speech-emotion-recognition/backend/dataset/raw/ravdess/Actor_20/03-01-08-01-01-01-20.wav,ravdess,08,surprise,20,female,normal,speech,test
/Users/harshmac/Desktop/Emotion Recognition/speech-emotion-recognition/backend/dataset/raw/ravdess/Actor_20/03-01-05-01-02-01-20.wav,ravdess,05,angry,20,female,normal,speech,train
/Users/harshmac/Desktop/Emotion Recognition/speech-emotion-recognition/backend/dataset/raw/ravdess/Actor_20/03-01-06-01-02-02-20.wav,ravdess,06,fear,20,female,normal,speech,val
/Users/harshmac/Desktop/Emotion Recognition/speech-emotion-recognition/backend/dataset/raw/ravdess/Actor_20/03-01-06-02-01-02-20.wav,ravdess,06,fear,20,female,strong,speech,train
/Users/harshmac/Desktop/Emotion Recognition/speech-emotion-recognition/backend/dataset/raw/ravdess/Actor_20/03-01-05-02-01-01-20.wav,ravdess,05,angry,20,female,strong,speech,train
/Users/harshmac/Desktop/Emotion Recognition/speech-emotion-recognition/backend/dataset/raw/ravdess/Actor_20/03-01-07-01-01-01-20.wav,ravdess,07,disgust,20,female,normal,speech,val
/Users/harshmac/Desktop/Emotion Recognition/speech-emotion-recognition/backend/dataset/raw/ravdess/Actor_20/03-01-04-01-01-02-20.wav,ravdess,04,sad,20,female,normal,speech,train
/Users/harshmac/Desktop/Emotion Recognition/speech-emotion-recognition/backend/dataset/raw/ravdess/Actor_20/03-01-04-02-02-02-20.wav,ravdess,04,sad,20,female,strong,speech,train
/Users/harshmac/Desktop/Emotion Recognition/speech-emotion-recognition/backend/dataset/raw/ravdess/Actor_20/03-01-07-02-02-01-20.wav,ravdess,07,disgust,20,female,strong,speech,train
/Users/harshmac/Desktop/Emotion Recognition/speech-emotion-recognition/backend/dataset/raw/ravdess/Actor_20/03-01-03-02-02-02-20.wav,ravdess,03,happy,20,female,strong,speech,train
/Users/harshmac/Desktop/Emotion Recognition/speech-emotion-recognition/backend/dataset/raw/ravdess/Actor_20/03-01-03-01-01-02-20.wav,ravdess,03,happy,20,female,normal,speech,train
/Users/harshmac/Desktop/Emotion Recognition/speech-emotion-recognition/backend/dataset/raw/ravdess/Actor_20/03-01-02-02-01-01-20.wav,ravdess,02,calm,20,female,strong,speech,val
/Users/harshmac/Desktop/Emotion Recognition/speech-emotion-recognition/backend/dataset/raw/ravdess/Actor_20/03-01-01-01-02-02-20.wav,ravdess,01,neutral,20,female,normal,speech,train
/Users/harshmac/Desktop/Emotion Recognition/speech-emotion-recognition/backend/dataset/raw/ravdess/Actor_20/03-01-02-01-02-01-20.wav,ravdess,02,calm,20,female,normal,speech,train
/Users/harshmac/Desktop/Emotion Recognition/speech-emotion-recognition/backend/dataset/raw/ravdess/Actor_21/03-01-08-02-01-01-21.wav,ravdess,08,surprise,21,male,strong,speech,train
/Users/harshmac/Desktop/Emotion Recognition/speech-emotion-recognition/backend/dataset/raw/ravdess/Actor_21/03-01-08-01-02-01-21.wav,ravdess,08,surprise,21,male,normal,speech,train
/Users/harshmac/Desktop/Emotion Recognition/speech-emotion-recognition/backend/dataset/raw/ravdess/Actor_21/03-01-06-01-01-02-21.wav,ravdess,06,fear,21,male,normal,speech,train
/Users/harshmac/Desktop/Emotion Recognition/speech-emotion-recognition/backend/dataset/raw/ravdess/Actor_21/03-01-05-01-01-01-21.wav,ravdess,05,angry,21,male,normal,speech,train
/Users/harshmac/Desktop/Emotion Recognition/speech-emotion-recognition/backend/dataset/raw/ravdess/Actor_21/03-01-05-02-02-01-21.wav,ravdess,05,angry,21,male,strong,speech,train
/Users/harshmac/Desktop/Emotion Recognition/speech-emotion-recognition/backend/dataset/raw/ravdess/Actor_21/03-01-06-02-02-02-21.wav,ravdess,06,fear,21,male,strong,speech,train
/Users/harshmac/Desktop/Emotion Recognition/speech-emotion-recognition/backend/dataset/raw/ravdess/Actor_21/03-01-04-01-02-02-21.wav,ravdess,04,sad,21,male,normal,speech,test
/Users/harshmac/Desktop/Emotion Recognition/speech-emotion-recognition/backend/dataset/raw/ravdess/Actor_21/03-01-07-01-02-01-21.wav,ravdess,07,disgust,21,male,normal,speech,train
/Users/harshmac/Desktop/Emotion Recognition/speech-emotion-recognition/backend/dataset/raw/ravdess/Actor_21/03-01-07-02-01-01-21.wav,ravdess,07,disgust,21,male,strong,speech,train
/Users/harshmac/Desktop/Emotion Recognition/speech-emotion-recognition/backend/dataset/raw/ravdess/Actor_21/03-01-04-02-01-02-21.wav,ravdess,04,sad,21,male,strong,speech,train
/Users/harshmac/Desktop/Emotion Recognition/speech-emotion-recognition/backend/dataset/raw/ravdess/Actor_21/03-01-03-02-01-02-21.wav,ravdess,03,happy,21,male,strong,speech,train
/Users/harshmac/Desktop/Emotion Recognition/speech-emotion-recognition/backend/dataset/raw/ravdess/Actor_21/03-01-03-01-02-02-21.wav,ravdess,03,happy,21,male,normal,speech,train
/Users/harshmac/Desktop/Emotion Recognition/speech-emotion-recognition/backend/dataset/raw/ravdess/Actor_21/03-01-02-02-02-01-21.wav,ravdess,02,calm,21,male,strong,speech,train
/Users/harshmac/Desktop/Emotion Recognition/speech-emotion-recognition/backend/dataset/raw/ravdess/Actor_21/03-01-02-01-01-01-21.wav,ravdess,02,calm,21,male,normal,speech,train
/Users/harshmac/Desktop/Emotion Recognition/speech-emotion-recognition/backend/dataset/raw/ravdess/Actor_21/03-01-01-01-01-02-21.wav,ravdess,01,neutral,21,male,normal,speech,train
/Users/harshmac/Desktop/Emotion Recognition/speech-emotion-recognition/backend/dataset/raw/ravdess/Actor_21/03-01-03-02-02-01-21.wav,ravdess,03,happy,21,male,strong,speech,train
/Users/harshmac/Desktop/Emotion Recognition/speech-emotion-recognition/backend/dataset/raw/ravdess/Actor_21/03-01-03-01-01-01-21.wav,ravdess,03,happy,21,male,normal,speech,train
/Users/harshmac/Desktop/Emotion Recognition/speech-emotion-recognition/backend/dataset/raw/ravdess/Actor_21/03-01-02-02-01-02-21.wav,ravdess,02,calm,21,male,strong,speech,train
/Users/harshmac/Desktop/Emotion Recognition/speech-emotion-recognition/backend/dataset/raw/ravdess/Actor_21/03-01-01-01-02-01-21.wav,ravdess,01,neutral,21,male,normal,speech,train
/Users/harshmac/Desktop/Emotion Recognition/speech-emotion-recognition/backend/dataset/raw/ravdess/Actor_21/03-01-02-01-02-02-21.wav,ravdess,02,calm,21,male,normal,speech,train
/Users/harshmac/Desktop/Emotion Recognition/speech-emotion-recognition/backend/dataset/raw/ravdess/Actor_21/03-01-08-02-02-02-21.wav,ravdess,08,surprise,21,male,strong,speech,test
/Users/harshmac/Desktop/Emotion Recognition/speech-emotion-recognition/backend/dataset/raw/ravdess/Actor_21/03-01-08-01-01-02-21.wav,ravdess,08,surprise,21,male,normal,speech,train
/Users/harshmac/Desktop/Emotion Recognition/speech-emotion-recognition/backend/dataset/raw/ravdess/Actor_21/03-01-05-01-02-02-21.wav,ravdess,05,angry,21,male,normal,speech,train
/Users/harshmac/Desktop/Emotion Recognition/speech-emotion-recognition/backend/dataset/raw/ravdess/Actor_21/03-01-06-01-02-01-21.wav,ravdess,06,fear,21,male,normal,speech,val
/Users/harshmac/Desktop/Emotion Recognition/speech-emotion-recognition/backend/dataset/raw/ravdess/Actor_21/03-01-06-02-01-01-21.wav,ravdess,06,fear,21,male,strong,speech,train
/Users/harshmac/Desktop/Emotion Recognition/speech-emotion-recognition/backend/dataset/raw/ravdess/Actor_21/03-01-05-02-01-02-21.wav,ravdess,05,angry,21,male,strong,speech,train
/Users/harshmac/Desktop/Emotion Recognition/speech-emotion-recognition/backend/dataset/raw/ravdess/Actor_21/03-01-07-01-01-02-21.wav,ravdess,07,disgust,21,male,normal,speech,train
/Users/harshmac/Desktop/Emotion Recognition/speech-emotion-recognition/backend/dataset/raw/ravdess/Actor_21/03-01-04-01-01-01-21.wav,ravdess,04,sad,21,male,normal,speech,train
/Users/harshmac/Desktop/Emotion Recognition/speech-emotion-recognition/backend/dataset/raw/ravdess/Actor_21/03-01-04-02-02-01-21.wav,ravdess,04,sad,21,male,strong,speech,train
/Users/harshmac/Desktop/Emotion Recognition/speech-emotion-recognition/backend/dataset/raw/ravdess/Actor_21/03-01-07-02-02-02-21.wav,ravdess,07,disgust,21,male,strong,speech,val
/Users/harshmac/Desktop/Emotion Recognition/speech-emotion-recognition/backend/dataset/raw/ravdess/Actor_21/03-01-01-01-01-01-21.wav,ravdess,01,neutral,21,male,normal,speech,train
/Users/harshmac/Desktop/Emotion Recognition/speech-emotion-recognition/backend/dataset/raw/ravdess/Actor_21/03-01-02-01-01-02-21.wav,ravdess,02,calm,21,male,normal,speech,train
/Users/harshmac/Desktop/Emotion Recognition/speech-emotion-recognition/backend/dataset/raw/ravdess/Actor_21/03-01-02-02-02-02-21.wav,ravdess,02,calm,21,male,strong,speech,test
/Users/harshmac/Desktop/Emotion Recognition/speech-emotion-recognition/backend/dataset/raw/ravdess/Actor_21/03-01-03-01-02-01-21.wav,ravdess,03,happy,21,male,normal,speech,train
/Users/harshmac/Desktop/Emotion Recognition/speech-emotion-recognition/backend/dataset/raw/ravdess/Actor_21/03-01-03-02-01-01-21.wav,ravdess,03,happy,21,male,strong,speech,test
/Users/harshmac/Desktop/Emotion Recognition/speech-emotion-recognition/backend/dataset/raw/ravdess/Actor_21/03-01-08-01-02-02-21.wav,ravdess,08,surprise,21,male,normal,speech,train
/Users/harshmac/Desktop/Emotion Recognition/speech-emotion-recognition/backend/dataset/raw/ravdess/Actor_21/03-01-08-02-01-02-21.wav,ravdess,08,surprise,21,male,strong,speech,train
/Users/harshmac/Desktop/Emotion Recognition/speech-emotion-recognition/backend/dataset/raw/ravdess/Actor_21/03-01-04-02-01-01-21.wav,ravdess,04,sad,21,male,strong,speech,train
/Users/harshmac/Desktop/Emotion Recognition/speech-emotion-recognition/backend/dataset/raw/ravdess/Actor_21/03-01-07-02-01-02-21.wav,ravdess,07,disgust,21,male,strong,speech,train
/Users/harshmac/Desktop/Emotion Recognition/speech-emotion-recognition/backend/dataset/raw/ravdess/Actor_21/03-01-07-01-02-02-21.wav,ravdess,07,disgust,21,male,normal,speech,val
/Users/harshmac/Desktop/Emotion Recognition/speech-emotion-recognition/backend/dataset/raw/ravdess/Actor_21/03-01-04-01-02-01-21.wav,ravdess,04,sad,21,male,normal,speech,test
/Users/harshmac/Desktop/Emotion Recognition/speech-emotion-recognition/backend/dataset/raw/ravdess/Actor_21/03-01-06-02-02-01-21.wav,ravdess,06,fear,21,male,strong,speech,train
/Users/harshmac/Desktop/Emotion Recognition/speech-emotion-recognition/backend/dataset/raw/ravdess/Actor_21/03-01-05-02-02-02-21.wav,ravdess,05,angry,21,male,strong,speech,val
/Users/harshmac/Desktop/Emotion Recognition/speech-emotion-recognition/backend/dataset/raw/ravdess/Actor_21/03-01-05-01-01-02-21.wav,ravdess,05,angry,21,male,normal,speech,test
/Users/harshmac/Desktop/Emotion Recognition/speech-emotion-recognition/backend/dataset/raw/ravdess/Actor_21/03-01-06-01-01-01-21.wav,ravdess,06,fear,21,male,normal,speech,train
/Users/harshmac/Desktop/Emotion Recognition/speech-emotion-recognition/backend/dataset/raw/ravdess/Actor_21/03-01-08-01-01-01-21.wav,ravdess,08,surprise,21,male,normal,speech,train
/Users/harshmac/Desktop/Emotion Recognition/speech-emotion-recognition/backend/dataset/raw/ravdess/Actor_21/03-01-08-02-02-01-21.wav,ravdess,08,surprise,21,male,strong,speech,val
/Users/harshmac/Desktop/Emotion Recognition/speech-emotion-recognition/backend/dataset/raw/ravdess/Actor_21/03-01-07-02-02-01-21.wav,ravdess,07,disgust,21,male,strong,speech,train
/Users/harshmac/Desktop/Emotion Recognition/speech-emotion-recognition/backend/dataset/raw/ravdess/Actor_21/03-01-04-02-02-02-21.wav,ravdess,04,sad,21,male,strong,speech,train
/Users/harshmac/Desktop/Emotion Recognition/speech-emotion-recognition/backend/dataset/raw/ravdess/Actor_21/03-01-04-01-01-02-21.wav,ravdess,04,sad,21,male,normal,speech,train
/Users/harshmac/Desktop/Emotion Recognition/speech-emotion-recognition/backend/dataset/raw/ravdess/Actor_21/03-01-07-01-01-01-21.wav,ravdess,07,disgust,21,male,normal,speech,val
/Users/harshmac/Desktop/Emotion Recognition/speech-emotion-recognition/backend/dataset/raw/ravdess/Actor_21/03-01-05-02-01-01-21.wav,ravdess,05,angry,21,male,strong,speech,train
/Users/harshmac/Desktop/Emotion Recognition/speech-emotion-recognition/backend/dataset/raw/ravdess/Actor_21/03-01-06-02-01-02-21.wav,ravdess,06,fear,21,male,strong,speech,test
/Users/harshmac/Desktop/Emotion Recognition/speech-emotion-recognition/backend/dataset/raw/ravdess/Actor_21/03-01-06-01-02-02-21.wav,ravdess,06,fear,21,male,normal,speech,train
/Users/harshmac/Desktop/Emotion Recognition/speech-emotion-recognition/backend/dataset/raw/ravdess/Actor_21/03-01-05-01-02-01-21.wav,ravdess,05,angry,21,male,normal,speech,train
/Users/harshmac/Desktop/Emotion Recognition/speech-emotion-recognition/backend/dataset/raw/ravdess/Actor_21/03-01-02-01-02-01-21.wav,ravdess,02,calm,21,male,normal,speech,train
/Users/harshmac/Desktop/Emotion Recognition/speech-emotion-recognition/backend/dataset/raw/ravdess/Actor_21/03-01-01-01-02-02-21.wav,ravdess,01,neutral,21,male,normal,speech,train
/Users/harshmac/Desktop/Emotion Recognition/speech-emotion-recognition/backend/dataset/raw/ravdess/Actor_21/03-01-02-02-01-01-21.wav,ravdess,02,calm,21,male,strong,speech,train
/Users/harshmac/Desktop/Emotion Recognition/speech-emotion-recognition/backend/dataset/raw/ravdess/Actor_21/03-01-03-01-01-02-21.wav,ravdess,03,happy,21,male,normal,speech,val
/Users/harshmac/Desktop/Emotion Recognition/speech-emotion-recognition/backend/dataset/raw/ravdess/Actor_21/03-01-03-02-02-02-21.wav,ravdess,03,happy,21,male,strong,speech,train
/Users/harshmac/Desktop/Emotion Recognition/speech-emotion-recognition/backend/dataset/raw/ravdess/Actor_19/03-01-01-01-01-02-19.wav,ravdess,01,neutral,19,male,normal,speech,train
/Users/harshmac/Desktop/Emotion Recognition/speech-emotion-recognition/backend/dataset/raw/ravdess/Actor_19/03-01-02-01-01-01-19.wav,ravdess,02,calm,19,male,normal,speech,train
/Users/harshmac/Desktop/Emotion Recognition/speech-emotion-recognition/backend/dataset/raw/ravdess/Actor_19/03-01-02-02-02-01-19.wav,ravdess,02,calm,19,male,strong,speech,train
/Users/harshmac/Desktop/Emotion Recognition/speech-emotion-recognition/backend/dataset/raw/ravdess/Actor_19/03-01-03-01-02-02-19.wav,ravdess,03,happy,19,male,normal,speech,val
/Users/harshmac/Desktop/Emotion Recognition/speech-emotion-recognition/backend/dataset/raw/ravdess/Actor_19/03-01-03-02-01-02-19.wav,ravdess,03,happy,19,male,strong,speech,train
/Users/harshmac/Desktop/Emotion Recognition/speech-emotion-recognition/backend/dataset/raw/ravdess/Actor_19/03-01-04-02-01-02-19.wav,ravdess,04,sad,19,male,strong,speech,train
/Users/harshmac/Desktop/Emotion Recognition/speech-emotion-recognition/backend/dataset/raw/ravdess/Actor_19/03-01-07-02-01-01-19.wav,ravdess,07,disgust,19,male,strong,speech,train
/Users/harshmac/Desktop/Emotion Recognition/speech-emotion-recognition/backend/dataset/raw/ravdess/Actor_19/03-01-07-01-02-01-19.wav,ravdess,07,disgust,19,male,normal,speech,val
/Users/harshmac/Desktop/Emotion Recognition/speech-emotion-recognition/backend/dataset/raw/ravdess/Actor_19/03-01-04-01-02-02-19.wav,ravdess,04,sad,19,male,normal,speech,train
/Users/harshmac/Desktop/Emotion Recognition/speech-emotion-recognition/backend/dataset/raw/ravdess/Actor_19/03-01-06-02-02-02-19.wav,ravdess,06,fear,19,male,strong,speech,train
/Users/harshmac/Desktop/Emotion Recognition/speech-emotion-recognition/backend/dataset/raw/ravdess/Actor_19/03-01-05-02-02-01-19.wav,ravdess,05,angry,19,male,strong,speech,train
/Users/harshmac/Desktop/Emotion Recognition/speech-emotion-recognition/backend/dataset/raw/ravdess/Actor_19/03-01-05-01-01-01-19.wav,ravdess,05,angry,19,male,normal,speech,train
/Users/harshmac/Desktop/Emotion Recognition/speech-emotion-recognition/backend/dataset/raw/ravdess/Actor_19/03-01-06-01-01-02-19.wav,ravdess,06,fear,19,male,normal,speech,test
/Users/harshmac/Desktop/Emotion Recognition/speech-emotion-recognition/backend/dataset/raw/ravdess/Actor_19/03-01-08-01-02-01-19.wav,ravdess,08,surprise,19,male,normal,speech,train
/Users/harshmac/Desktop/Emotion Recognition/speech-emotion-recognition/backend/dataset/raw/ravdess/Actor_19/03-01-08-02-01-01-19.wav,ravdess,08,surprise,19,male,strong,speech,train
/Users/harshmac/Desktop/Emotion Recognition/speech-emotion-recognition/backend/dataset/raw/ravdess/Actor_19/03-01-07-02-02-02-19.wav,ravdess,07,disgust,19,male,strong,speech,train
/Users/harshmac/Desktop/Emotion Recognition/speech-emotion-recognition/backend/dataset/raw/ravdess/Actor_19/03-01-04-02-02-01-19.wav,ravdess,04,sad,19,male,strong,speech,train
/Users/harshmac/Desktop/Emotion Recognition/speech-emotion-recognition/backend/dataset/raw/ravdess/Actor_19/03-01-04-01-01-01-19.wav,ravdess,04,sad,19,male,normal,speech,train
/Users/harshmac/Desktop/Emotion Recognition/speech-emotion-recognition/backend/dataset/raw/ravdess/Actor_19/03-01-07-01-01-02-19.wav,ravdess,07,disgust,19,male,normal,speech,train
/Users/harshmac/Desktop/Emotion Recognition/speech-emotion-recognition/backend/dataset/raw/ravdess/Actor_19/03-01-05-02-01-02-19.wav,ravdess,05,angry,19,male,strong,speech,train
/Users/harshmac/Desktop/Emotion Recognition/speech-emotion-recognition/backend/dataset/raw/ravdess/Actor_19/03-01-06-02-01-01-19.wav,ravdess,06,fear,19,male,strong,speech,train
/Users/harshmac/Desktop/Emotion Recognition/speech-emotion-recognition/backend/dataset/raw/ravdess/Actor_19/03-01-06-01-02-01-19.wav,ravdess,06,fear,19,male,normal,speech,train
/Users/harshmac/Desktop/Emotion Recognition/speech-emotion-recognition/backend/dataset/raw/ravdess/Actor_19/03-01-05-01-02-02-19.wav,ravdess,05,angry,19,male,normal,speech,train
/Users/harshmac/Desktop/Emotion Recognition/speech-emotion-recognition/backend/dataset/raw/ravdess/Actor_19/03-01-08-01-01-02-19.wav,ravdess,08,surprise,19,male,normal,speech,train
/Users/harshmac/Desktop/Emotion Recognition/speech-emotion-recognition/backend/dataset/raw/ravdess/Actor_19/03-01-08-02-02-02-19.wav,ravdess,08,surprise,19,male,strong,speech,train
/Users/harshmac/Desktop/Emotion Recognition/speech-emotion-recognition/backend/dataset/raw/ravdess/Actor_19/03-01-02-01-02-02-19.wav,ravdess,02,calm,19,male,normal,speech,train
/Users/harshmac/Desktop/Emotion Recognition/speech-emotion-recognition/backend/dataset/raw/ravdess/Actor_19/03-01-01-01-02-01-19.wav,ravdess,01,neutral,19,male,normal,speech,train
/Users/harshmac/Desktop/Emotion Recognition/speech-emotion-recognition/backend/dataset/raw/ravdess/Actor_19/03-01-02-02-01-02-19.wav,ravdess,02,calm,19,male,strong,speech,val
/Users/harshmac/Desktop/Emotion Recognition/speech-emotion-recognition/backend/dataset/raw/ravdess/Actor_19/03-01-03-01-01-01-19.wav,ravdess,03,happy,19,male,normal,speech,train
/Users/harshmac/Desktop/Emotion Recognition/speech-emotion-recognition/backend/dataset/raw/ravdess/Actor_19/03-01-03-02-02-01-19.wav,ravdess,03,happy,19,male,strong,speech,val
/Users/harshmac/Desktop/Emotion Recognition/speech-emotion-recognition/backend/dataset/raw/ravdess/Actor_19/03-01-06-01-01-01-19.wav,ravdess,06,fear,19,male,normal,speech,train
/Users/harshmac/Desktop/Emotion Recognition/speech-emotion-recognition/backend/dataset/raw/ravdess/Actor_19/03-01-05-01-01-02-19.wav,ravdess,05,angry,19,male,normal,speech,train
/Users/harshmac/Desktop/Emotion Recognition/speech-emotion-recognition/backend/dataset/raw/ravdess/Actor_19/03-01-05-02-02-02-19.wav,ravdess,05,angry,19,male,strong,speech,train
/Users/harshmac/Desktop/Emotion Recognition/speech-emotion-recognition/backend/dataset/raw/ravdess/Actor_19/03-01-06-02-02-01-19.wav,ravdess,06,fear,19,male,strong,speech,train
/Users/harshmac/Desktop/Emotion Recognition/speech-emotion-recognition/backend/dataset/raw/ravdess/Actor_19/03-01-04-01-02-01-19.wav,ravdess,04,sad,19,male,normal,speech,val
/Users/harshmac/Desktop/Emotion Recognition/speech-emotion-recognition/backend/dataset/raw/ravdess/Actor_19/03-01-07-01-02-02-19.wav,ravdess,07,disgust,19,male,normal,speech,train
/Users/harshmac/Desktop/Emotion Recognition/speech-emotion-recognition/backend/dataset/raw/ravdess/Actor_19/03-01-07-02-01-02-19.wav,ravdess,07,disgust,19,male,strong,speech,train
/Users/harshmac/Desktop/Emotion Recognition/speech-emotion-recognition/backend/dataset/raw/ravdess/Actor_19/03-01-04-02-01-01-19.wav,ravdess,04,sad,19,male,strong,speech,train
/Users/harshmac/Desktop/Emotion Recognition/speech-emotion-recognition/backend/dataset/raw/ravdess/Actor_19/03-01-08-02-01-02-19.wav,ravdess,08,surprise,19,male,strong,speech,val
/Users/harshmac/Desktop/Emotion Recognition/speech-emotion-recognition/backend/dataset/raw/ravdess/Actor_19/03-01-08-01-02-02-19.wav,ravdess,08,surprise,19,male,normal,speech,test
/Users/harshmac/Desktop/Emotion Recognition/speech-emotion-recognition/backend/dataset/raw/ravdess/Actor_19/03-01-03-02-01-01-19.wav,ravdess,03,happy,19,male,strong,speech,train
/Users/harshmac/Desktop/Emotion Recognition/speech-emotion-recognition/backend/dataset/raw/ravdess/Actor_19/03-01-03-01-02-01-19.wav,ravdess,03,happy,19,male,normal,speech,train
/Users/harshmac/Desktop/Emotion Recognition/speech-emotion-recognition/backend/dataset/raw/ravdess/Actor_19/03-01-02-02-02-02-19.wav,ravdess,02,calm,19,male,strong,speech,train
/Users/harshmac/Desktop/Emotion Recognition/speech-emotion-recognition/backend/dataset/raw/ravdess/Actor_19/03-01-02-01-01-02-19.wav,ravdess,02,calm,19,male,normal,speech,train
/Users/harshmac/Desktop/Emotion Recognition/speech-emotion-recognition/backend/dataset/raw/ravdess/Actor_19/03-01-01-01-01-01-19.wav,ravdess,01,neutral,19,male,normal,speech,test
/Users/harshmac/Desktop/Emotion Recognition/speech-emotion-recognition/backend/dataset/raw/ravdess/Actor_19/03-01-03-02-02-02-19.wav,ravdess,03,happy,19,male,strong,speech,train
/Users/harshmac/Desktop/Emotion Recognition/speech-emotion-recognition/backend/dataset/raw/ravdess/Actor_19/03-01-03-01-01-02-19.wav,ravdess,03,happy,19,male,normal,speech,train
/Users/harshmac/Desktop/Emotion Recognition/speech-emotion-recognition/backend/dataset/raw/ravdess/Actor_19/03-01-02-02-01-01-19.wav,ravdess,02,calm,19,male,strong,speech,train
/Users/harshmac/Desktop/Emotion Recognition/speech-emotion-recognition/backend/dataset/raw/ravdess/Actor_19/03-01-01-01-02-02-19.wav,ravdess,01,neutral,19,male,normal,speech,train
/Users/harshmac/Desktop/Emotion Recognition/speech-emotion-recognition/backend/dataset/raw/ravdess/Actor_19/03-01-02-01-02-01-19.wav,ravdess,02,calm,19,male,normal,speech,train
/Users/harshmac/Desktop/Emotion Recognition/speech-emotion-recognition/backend/dataset/raw/ravdess/Actor_19/03-01-05-01-02-01-19.wav,ravdess,05,angry,19,male,normal,speech,train
/Users/harshmac/Desktop/Emotion Recognition/speech-emotion-recognition/backend/dataset/raw/ravdess/Actor_19/03-01-06-01-02-02-19.wav,ravdess,06,fear,19,male,normal,speech,train
/Users/harshmac/Desktop/Emotion Recognition/speech-emotion-recognition/backend/dataset/raw/ravdess/Actor_19/03-01-06-02-01-02-19.wav,ravdess,06,fear,19,male,strong,speech,val
/Users/harshmac/Desktop/Emotion Recognition/speech-emotion-recognition/backend/dataset/raw/ravdess/Actor_19/03-01-05-02-01-01-19.wav,ravdess,05,angry,19,male,strong,speech,train
/Users/harshmac/Desktop/Emotion Recognition/speech-emotion-recognition/backend/dataset/raw/ravdess/Actor_19/03-01-07-01-01-01-19.wav,ravdess,07,disgust,19,male,normal,speech,test
/Users/harshmac/Desktop/Emotion Recognition/speech-emotion-recognition/backend/dataset/raw/ravdess/Actor_19/03-01-04-01-01-02-19.wav,ravdess,04,sad,19,male,normal,speech,test
/Users/harshmac/Desktop/Emotion Recognition/speech-emotion-recognition/backend/dataset/raw/ravdess/Actor_19/03-01-04-02-02-02-19.wav,ravdess,04,sad,19,male,strong,speech,train
/Users/harshmac/Desktop/Emotion Recognition/speech-emotion-recognition/backend/dataset/raw/ravdess/Actor_19/03-01-07-02-02-01-19.wav,ravdess,07,disgust,19,male,strong,speech,train
/Users/harshmac/Desktop/Emotion Recognition/speech-emotion-recognition/backend/dataset/raw/ravdess/Actor_19/03-01-08-02-02-01-19.wav,ravdess,08,surprise,19,male,strong,speech,train
/Users/harshmac/Desktop/Emotion Recognition/speech-emotion-recognition/backend/dataset/raw/ravdess/Actor_19/03-01-08-01-01-01-19.wav,ravdess,08,surprise,19,male,normal,speech,train
/Users/harshmac/Desktop/Emotion Recognition/speech-emotion-recognition/backend/dataset/raw/ravdess/Actor_10/03-01-03-02-02-02-10.wav,ravdess,03,happy,10,female,strong,speech,val
/Users/harshmac/Desktop/Emotion Recognition/speech-emotion-recognition/backend/dataset/raw/ravdess/Actor_10/03-01-03-01-01-02-10.wav,ravdess,03,happy,10,female,normal,speech,test
/Users/harshmac/Desktop/Emotion Recognition/speech-emotion-recognition/backend/dataset/raw/ravdess/Actor_10/03-01-02-02-01-01-10.wav,ravdess,02,calm,10,female,strong,speech,train
/Users/harshmac/Desktop/Emotion Recognition/speech-emotion-recognition/backend/dataset/raw/ravdess/Actor_10/03-01-02-01-02-01-10.wav,ravdess,02,calm,10,female,normal,speech,val
/Users/harshmac/Desktop/Emotion Recognition/speech-emotion-recognition/backend/dataset/raw/ravdess/Actor_10/03-01-01-01-02-02-10.wav,ravdess,01,neutral,10,female,normal,speech,train
/Users/harshmac/Desktop/Emotion Recognition/speech-emotion-recognition/backend/dataset/raw/ravdess/Actor_10/03-01-06-01-02-02-10.wav,ravdess,06,fear,10,female,normal,speech,train
/Users/harshmac/Desktop/Emotion Recognition/speech-emotion-recognition/backend/dataset/raw/ravdess/Actor_10/03-01-05-01-02-01-10.wav,ravdess,05,angry,10,female,normal,speech,test
/Users/harshmac/Desktop/Emotion Recognition/speech-emotion-recognition/backend/dataset/raw/ravdess/Actor_10/03-01-05-02-01-01-10.wav,ravdess,05,angry,10,female,strong,speech,train
/Users/harshmac/Desktop/Emotion Recognition/speech-emotion-recognition/backend/dataset/raw/ravdess/Actor_10/03-01-06-02-01-02-10.wav,ravdess,06,fear,10,female,strong,speech,train
/Users/harshmac/Desktop/Emotion Recognition/speech-emotion-recognition/backend/dataset/raw/ravdess/Actor_10/03-01-04-01-01-02-10.wav,ravdess,04,sad,10,female,normal,speech,train
/Users/harshmac/Desktop/Emotion Recognition/speech-emotion-recognition/backend/dataset/raw/ravdess/Actor_10/03-01-07-01-01-01-10.wav,ravdess,07,disgust,10,female,normal,speech,test
/Users/harshmac/Desktop/Emotion Recognition/speech-emotion-recognition/backend/dataset/raw/ravdess/Actor_10/03-01-07-02-02-01-10.wav,ravdess,07,disgust,10,female,strong,speech,train
/Users/harshmac/Desktop/Emotion Recognition/speech-emotion-recognition/backend/dataset/raw/ravdess/Actor_10/03-01-04-02-02-02-10.wav,ravdess,04,sad,10,female,strong,speech,val
/Users/harshmac/Desktop/Emotion Recognition/speech-emotion-recognition/backend/dataset/raw/ravdess/Actor_10/03-01-08-02-02-01-10.wav,ravdess,08,surprise,10,female,strong,speech,val
/Users/harshmac/Desktop/Emotion Recognition/speech-emotion-recognition/backend/dataset/raw/ravdess/Actor_10/03-01-08-01-01-01-10.wav,ravdess,08,surprise,10,female,normal,speech,train
/Users/harshmac/Desktop/Emotion Recognition/speech-emotion-recognition/backend/dataset/raw/ravdess/Actor_10/03-01-05-01-01-02-10.wav,ravdess,05,angry,10,female,normal,speech,test
/Users/harshmac/Desktop/Emotion Recognition/speech-emotion-recognition/backend/dataset/raw/ravdess/Actor_10/03-01-06-01-01-01-10.wav,ravdess,06,fear,10,female,normal,speech,train
/Users/harshmac/Desktop/Emotion Recognition/speech-emotion-recognition/backend/dataset/raw/ravdess/Actor_10/03-01-06-02-02-01-10.wav,ravdess,06,fear,10,female,strong,speech,train
/Users/harshmac/Desktop/Emotion Recognition/speech-emotion-recognition/backend/dataset/raw/ravdess/Actor_10/03-01-05-02-02-02-10.wav,ravdess,05,angry,10,female,strong,speech,train
/Users/harshmac/Desktop/Emotion Recognition/speech-emotion-recognition/backend/dataset/raw/ravdess/Actor_10/03-01-07-01-02-02-10.wav,ravdess,07,disgust,10,female,normal,speech,val
/Users/harshmac/Desktop/Emotion Recognition/speech-emotion-recognition/backend/dataset/raw/ravdess/Actor_10/03-01-04-01-02-01-10.wav,ravdess,04,sad,10,female,normal,speech,train
/Users/harshmac/Desktop/Emotion Recognition/speech-emotion-recognition/backend/dataset/raw/ravdess/Actor_10/03-01-04-02-01-01-10.wav,ravdess,04,sad,10,female,strong,speech,val
/Users/harshmac/Desktop/Emotion Recognition/speech-emotion-recognition/backend/dataset/raw/ravdess/Actor_10/03-01-07-02-01-02-10.wav,ravdess,07,disgust,10,female,strong,speech,test
/Users/harshmac/Desktop/Emotion Recognition/speech-emotion-recognition/backend/dataset/raw/ravdess/Actor_10/03-01-08-02-01-02-10.wav,ravdess,08,surprise,10,female,strong,speech,test
/Users/harshmac/Desktop/Emotion Recognition/speech-emotion-recognition/backend/dataset/raw/ravdess/Actor_10/03-01-08-01-02-02-10.wav,ravdess,08,surprise,10,female,normal,speech,val
/Users/harshmac/Desktop/Emotion Recognition/speech-emotion-recognition/backend/dataset/raw/ravdess/Actor_10/03-01-03-02-01-01-10.wav,ravdess,03,happy,10,female,strong,speech,test
/Users/harshmac/Desktop/Emotion Recognition/speech-emotion-recognition/backend/dataset/raw/ravdess/Actor_10/03-01-03-01-02-01-10.wav,ravdess,03,happy,10,female,normal,speech,test
/Users/harshmac/Desktop/Emotion Recognition/speech-emotion-recognition/backend/dataset/raw/ravdess/Actor_10/03-01-02-02-02-02-10.wav,ravdess,02,calm,10,female,strong,speech,val
/Users/harshmac/Desktop/Emotion Recognition/speech-emotion-recognition/backend/dataset/raw/ravdess/Actor_10/03-01-01-01-01-01-10.wav,ravdess,01,neutral,10,female,normal,speech,train
/Users/harshmac/Desktop/Emotion Recognition/speech-emotion-recognition/backend/dataset/raw/ravdess/Actor_10/03-01-02-01-01-02-10.wav,ravdess,02,calm,10,female,normal,speech,val
/Users/harshmac/Desktop/Emotion Recognition/speech-emotion-recognition/backend/dataset/raw/ravdess/Actor_10/03-01-04-02-02-01-10.wav,ravdess,04,sad,10,female,strong,speech,train
/Users/harshmac/Desktop/Emotion Recognition/speech-emotion-recognition/backend/dataset/raw/ravdess/Actor_10/03-01-07-02-02-02-10.wav,ravdess,07,disgust,10,female,strong,speech,test
/Users/harshmac/Desktop/Emotion Recognition/speech-emotion-recognition/backend/dataset/raw/ravdess/Actor_10/03-01-07-01-01-02-10.wav,ravdess,07,disgust,10,female,normal,speech,test
/Users/harshmac/Desktop/Emotion Recognition/speech-emotion-recognition/backend/dataset/raw/ravdess/Actor_10/03-01-04-01-01-01-10.wav,ravdess,04,sad,10,female,normal,speech,train
/Users/harshmac/Desktop/Emotion Recognition/speech-emotion-recognition/backend/dataset/raw/ravdess/Actor_10/03-01-06-02-01-01-10.wav,ravdess,06,fear,10,female,strong,speech,test
/Users/harshmac/Desktop/Emotion Recognition/speech-emotion-recognition/backend/dataset/raw/ravdess/Actor_10/03-01-05-02-01-02-10.wav,ravdess,05,angry,10,female,strong,speech,test
/Users/harshmac/Desktop/Emotion Recognition/speech-emotion-recognition/backend/dataset/raw/ravdess/Actor_10/03-01-05-01-02-02-10.wav,ravdess,05,angry,10,female,normal,speech,val
/Users/harshmac/Desktop/Emotion Recognition/speech-emotion-recognition/backend/dataset/raw/ravdess/Actor_10/03-01-06-01-02-01-10.wav,ravdess,06,fear,10,female,normal,speech,train
/Users/harshmac/Desktop/Emotion Recognition/speech-emotion-recognition/backend/dataset/raw/ravdess/Actor_10/03-01-08-01-01-02-10.wav,ravdess,08,surprise,10,female,normal,speech,train
/Users/harshmac/Desktop/Emotion Recognition/speech-emotion-recognition/backend/dataset/raw/ravdess/Actor_10/03-01-08-02-02-02-10.wav,ravdess,08,surprise,10,female,strong,speech,test
/Users/harshmac/Desktop/Emotion Recognition/speech-emotion-recognition/backend/dataset/raw/ravdess/Actor_10/03-01-01-01-02-01-10.wav,ravdess,01,neutral,10,female,normal,speech,train
/Users/harshmac/Desktop/Emotion Recognition/speech-emotion-recognition/backend/dataset/raw/ravdess/Actor_10/03-01-02-01-02-02-10.wav,ravdess,02,calm,10,female,normal,speech,test
/Users/harshmac/Desktop/Emotion Recognition/speech-emotion-recognition/backend/dataset/raw/ravdess/Actor_10/03-01-02-02-01-02-10.wav,ravdess,02,calm,10,female,strong,speech,test
/Users/harshmac/Desktop/Emotion Recognition/speech-emotion-recognition/backend/dataset/raw/ravdess/Actor_10/03-01-03-01-01-01-10.wav,ravdess,03,happy,10,female,normal,speech,val
/Users/harshmac/Desktop/Emotion Recognition/speech-emotion-recognition/backend/dataset/raw/ravdess/Actor_10/03-01-03-02-02-01-10.wav,ravdess,03,happy,10,female,strong,speech,train
/Users/harshmac/Desktop/Emotion Recognition/speech-emotion-recognition/backend/dataset/raw/ravdess/Actor_10/03-01-02-01-01-01-10.wav,ravdess,02,calm,10,female,normal,speech,train
/Users/harshmac/Desktop/Emotion Recognition/speech-emotion-recognition/backend/dataset/raw/ravdess/Actor_10/03-01-01-01-01-02-10.wav,ravdess,01,neutral,10,female,normal,speech,train
/Users/harshmac/Desktop/Emotion Recognition/speech-emotion-recognition/backend/dataset/raw/ravdess/Actor_10/03-01-02-02-02-01-10.wav,ravdess,02,calm,10,female,strong,speech,val
/Users/harshmac/Desktop/Emotion Recognition/speech-emotion-recognition/backend/dataset/raw/ravdess/Actor_10/03-01-03-01-02-02-10.wav,ravdess,03,happy,10,female,normal,speech,train
/Users/harshmac/Desktop/Emotion Recognition/speech-emotion-recognition/backend/dataset/raw/ravdess/Actor_10/03-01-03-02-01-02-10.wav,ravdess,03,happy,10,female,strong,speech,train
/Users/harshmac/Desktop/Emotion Recognition/speech-emotion-recognition/backend/dataset/raw/ravdess/Actor_10/03-01-07-02-01-01-10.wav,ravdess,07,disgust,10,female,strong,speech,test
/Users/harshmac/Desktop/Emotion Recognition/speech-emotion-recognition/backend/dataset/raw/ravdess/Actor_10/03-01-04-02-01-02-10.wav,ravdess,04,sad,10,female,strong,speech,train
/Users/harshmac/Desktop/Emotion Recognition/speech-emotion-recognition/backend/dataset/raw/ravdess/Actor_10/03-01-04-01-02-02-10.wav,ravdess,04,sad,10,female,normal,speech,train
/Users/harshmac/Desktop/Emotion Recognition/speech-emotion-recognition/backend/dataset/raw/ravdess/Actor_10/03-01-07-01-02-01-10.wav,ravdess,07,disgust,10,female,normal,speech,val
/Users/harshmac/Desktop/Emotion Recognition/speech-emotion-recognition/backend/dataset/raw/ravdess/Actor_10/03-01-05-02-02-01-10.wav,ravdess,05,angry,10,female,strong,speech,train
/Users/harshmac/Desktop/Emotion Recognition/speech-emotion-recognition/backend/dataset/raw/ravdess/Actor_10/03-01-06-02-02-02-10.wav,ravdess,06,fear,10,female,strong,speech,train
/Users/harshmac/Desktop/Emotion Recognition/speech-emotion-recognition/backend/dataset/raw/ravdess/Actor_10/03-01-06-01-01-02-10.wav,ravdess,06,fear,10,female,normal,speech,train
/Users/harshmac/Desktop/Emotion Recognition/speech-emotion-recognition/backend/dataset/raw/ravdess/Actor_10/03-01-05-01-01-01-10.wav,ravdess,05,angry,10,female,normal,speech,train
/Users/harshmac/Desktop/Emotion Recognition/speech-emotion-recognition/backend/dataset/raw/ravdess/Actor_10/03-01-08-01-02-01-10.wav,ravdess,08,surprise,10,female,normal,speech,test
/Users/harshmac/Desktop/Emotion Recognition/speech-emotion-recognition/backend/dataset/raw/ravdess/Actor_10/03-01-08-02-01-01-10.wav,ravdess,08,surprise,10,female,strong,speech,train
/Users/harshmac/Desktop/Emotion Recognition/speech-emotion-recognition/backend/dataset/raw/ravdess/Actor_17/03-01-07-02-02-01-17.wav,ravdess,07,disgust,17,male,strong,speech,train
/Users/harshmac/Desktop/Emotion Recognition/speech-emotion-recognition/backend/dataset/raw/ravdess/Actor_17/03-01-04-02-02-02-17.wav,ravdess,04,sad,17,male,strong,speech,train
/Users/harshmac/Desktop/Emotion Recognition/speech-emotion-recognition/backend/dataset/raw/ravdess/Actor_17/03-01-04-01-01-02-17.wav,ravdess,04,sad,17,male,normal,speech,train
/Users/harshmac/Desktop/Emotion Recognition/speech-emotion-recognition/backend/dataset/raw/ravdess/Actor_17/03-01-07-01-01-01-17.wav,ravdess,07,disgust,17,male,normal,speech,test
/Users/harshmac/Desktop/Emotion Recognition/speech-emotion-recognition/backend/dataset/raw/ravdess/Actor_17/03-01-05-02-01-01-17.wav,ravdess,05,angry,17,male,strong,speech,train
/Users/harshmac/Desktop/Emotion Recognition/speech-emotion-recognition/backend/dataset/raw/ravdess/Actor_17/03-01-06-02-01-02-17.wav,ravdess,06,fear,17,male,strong,speech,test
/Users/harshmac/Desktop/Emotion Recognition/speech-emotion-recognition/backend/dataset/raw/ravdess/Actor_17/03-01-06-01-02-02-17.wav,ravdess,06,fear,17,male,normal,speech,train
/Users/harshmac/Desktop/Emotion Recognition/speech-emotion-recognition/backend/dataset/raw/ravdess/Actor_17/03-01-05-01-02-01-17.wav,ravdess,05,angry,17,male,normal,speech,test
/Users/harshmac/Desktop/Emotion Recognition/speech-emotion-recognition/backend/dataset/raw/ravdess/Actor_17/03-01-08-01-01-01-17.wav,ravdess,08,surprise,17,male,normal,speech,train
/Users/harshmac/Desktop/Emotion Recognition/speech-emotion-recognition/backend/dataset/raw/ravdess/Actor_17/03-01-08-02-02-01-17.wav,ravdess,08,surprise,17,male,strong,speech,train
/Users/harshmac/Desktop/Emotion Recognition/speech-emotion-recognition/backend/dataset/raw/ravdess/Actor_17/03-01-02-01-02-01-17.wav,ravdess,02,calm,17,male,normal,speech,val
/Users/harshmac/Desktop/Emotion Recognition/speech-emotion-recognition/backend/dataset/raw/ravdess/Actor_17/03-01-01-01-02-02-17.wav,ravdess,01,neutral,17,male,normal,speech,train
/Users/harshmac/Desktop/Emotion Recognition/speech-emotion-recognition/backend/dataset/raw/ravdess/Actor_17/03-01-02-02-01-01-17.wav,ravdess,02,calm,17,male,strong,speech,train
/Users/harshmac/Desktop/Emotion Recognition/speech-emotion-recognition/backend/dataset/raw/ravdess/Actor_17/03-01-03-01-01-02-17.wav,ravdess,03,happy,17,male,normal,speech,train
/Users/harshmac/Desktop/Emotion Recognition/speech-emotion-recognition/backend/dataset/raw/ravdess/Actor_17/03-01-03-02-02-02-17.wav,ravdess,03,happy,17,male,strong,speech,val
/Users/harshmac/Desktop/Emotion Recognition/speech-emotion-recognition/backend/dataset/raw/ravdess/Actor_17/03-01-01-01-01-01-17.wav,ravdess,01,neutral,17,male,normal,speech,train
/Users/harshmac/Desktop/Emotion Recognition/speech-emotion-recognition/backend/dataset/raw/ravdess/Actor_17/03-01-02-01-01-02-17.wav,ravdess,02,calm,17,male,normal,speech,val
/Users/harshmac/Desktop/Emotion Recognition/speech-emotion-recognition/backend/dataset/raw/ravdess/Actor_17/03-01-02-02-02-02-17.wav,ravdess,02,calm,17,male,strong,speech,val
/Users/harshmac/Desktop/Emotion Recognition/speech-emotion-recognition/backend/dataset/raw/ravdess/Actor_17/03-01-03-01-02-01-17.wav,ravdess,03,happy,17,male,normal,speech,train
/Users/harshmac/Desktop/Emotion Recognition/speech-emotion-recognition/backend/dataset/raw/ravdess/Actor_17/03-01-03-02-01-01-17.wav,ravdess,03,happy,17,male,strong,speech,train
/Users/harshmac/Desktop/Emotion Recognition/speech-emotion-recognition/backend/dataset/raw/ravdess/Actor_17/03-01-04-02-01-01-17.wav,ravdess,04,sad,17,male,strong,speech,val
/Users/harshmac/Desktop/Emotion Recognition/speech-emotion-recognition/backend/dataset/raw/ravdess/Actor_17/03-01-07-02-01-02-17.wav,ravdess,07,disgust,17,male,strong,speech,train
/Users/harshmac/Desktop/Emotion Recognition/speech-emotion-recognition/backend/dataset/raw/ravdess/Actor_17/03-01-07-01-02-02-17.wav,ravdess,07,disgust,17,male,normal,speech,test
/Users/harshmac/Desktop/Emotion Recognition/speech-emotion-recognition/backend/dataset/raw/ravdess/Actor_17/03-01-04-01-02-01-17.wav,ravdess,04,sad,17,male,normal,speech,val
/Users/harshmac/Desktop/Emotion Recognition/speech-emotion-recognition/backend/dataset/raw/ravdess/Actor_17/03-01-06-02-02-01-17.wav,ravdess,06,fear,17,male,strong,speech,train
/Users/harshmac/Desktop/Emotion Recognition/speech-emotion-recognition/backend/dataset/raw/ravdess/Actor_17/03-01-05-02-02-02-17.wav,ravdess,05,angry,17,male,strong,speech,test
/Users/harshmac/Desktop/Emotion Recognition/speech-emotion-recognition/backend/dataset/raw/ravdess/Actor_17/03-01-05-01-01-02-17.wav,ravdess,05,angry,17,male,normal,speech,train
/Users/harshmac/Desktop/Emotion Recognition/speech-emotion-recognition/backend/dataset/raw/ravdess/Actor_17/03-01-06-01-01-01-17.wav,ravdess,06,fear,17,male,normal,speech,val
/Users/harshmac/Desktop/Emotion Recognition/speech-emotion-recognition/backend/dataset/raw/ravdess/Actor_17/03-01-08-01-02-02-17.wav,ravdess,08,surprise,17,male,normal,speech,train
/Users/harshmac/Desktop/Emotion Recognition/speech-emotion-recognition/backend/dataset/raw/ravdess/Actor_17/03-01-08-02-01-02-17.wav,ravdess,08,surprise,17,male,strong,speech,train
/Users/harshmac/Desktop/Emotion Recognition/speech-emotion-recognition/backend/dataset/raw/ravdess/Actor_17/03-01-03-02-02-01-17.wav,ravdess,03,happy,17,male,strong,speech,train
/Users/harshmac/Desktop/Emotion Recognition/speech-emotion-recognition/backend/dataset/raw/ravdess/Actor_17/03-01-03-01-01-01-17.wav,ravdess,03,happy,17,male,normal,speech,train
/Users/harshmac/Desktop/Emotion Recognition/speech-emotion-recognition/backend/dataset/raw/ravdess/Actor_17/03-01-02-02-01-02-17.wav,ravdess,02,calm,17,male,strong,speech,train
/Users/harshmac/Desktop/Emotion Recognition/speech-emotion-recognition/backend/dataset/raw/ravdess/Actor_17/03-01-01-01-02-01-17.wav,ravdess,01,neutral,17,male,normal,speech,train
/Users/harshmac/Desktop/Emotion Recognition/speech-emotion-recognition/backend/dataset/raw/ravdess/Actor_17/03-01-02-01-02-02-17.wav,ravdess,02,calm,17,male,normal,speech,train
/Users/harshmac/Desktop/Emotion Recognition/speech-emotion-recognition/backend/dataset/raw/ravdess/Actor_17/03-01-05-01-02-02-17.wav,ravdess,05,angry,17,male,normal,speech,train
/Users/harshmac/Desktop/Emotion Recognition/speech-emotion-recognition/backend/dataset/raw/ravdess/Actor_17/03-01-06-01-02-01-17.wav,ravdess,06,fear,17,male,normal,speech,train
/Users/harshmac/Desktop/Emotion Recognition/speech-emotion-recognition/backend/dataset/raw/ravdess/Actor_17/03-01-06-02-01-01-17.wav,ravdess,06,fear,17,male,strong,speech,train
/Users/harshmac/Desktop/Emotion Recognition/speech-emotion-recognition/backend/dataset/raw/ravdess/Actor_17/03-01-05-02-01-02-17.wav,ravdess,05,angry,17,male,strong,speech,train
/Users/harshmac/Desktop/Emotion Recognition/speech-emotion-recognition/backend/dataset/raw/ravdess/Actor_17/03-01-07-01-01-02-17.wav,ravdess,07,disgust,17,male,normal,speech,train
/Users/harshmac/Desktop/Emotion Recognition/speech-emotion-recognition/backend/dataset/raw/ravdess/Actor_17/03-01-04-01-01-01-17.wav,ravdess,04,sad,17,male,normal,speech,train
/Users/harshmac/Desktop/Emotion Recognition/speech-emotion-recognition/backend/dataset/raw/ravdess/Actor_17/03-01-04-02-02-01-17.wav,ravdess,04,sad,17,male,strong,speech,train
/Users/harshmac/Desktop/Emotion Recognition/speech-emotion-recognition/backend/dataset/raw/ravdess/Actor_17/03-01-07-02-02-02-17.wav,ravdess,07,disgust,17,male,strong,speech,train
/Users/harshmac/Desktop/Emotion Recognition/speech-emotion-recognition/backend/dataset/raw/ravdess/Actor_17/03-01-08-02-02-02-17.wav,ravdess,08,surprise,17,male,strong,speech,val
/Users/harshmac/Desktop/Emotion Recognition/speech-emotion-recognition/backend/dataset/raw/ravdess/Actor_17/03-01-08-01-01-02-17.wav,ravdess,08,surprise,17,male,normal,speech,val
/Users/harshmac/Desktop/Emotion Recognition/speech-emotion-recognition/backend/dataset/raw/ravdess/Actor_17/03-01-06-01-01-02-17.wav,ravdess,06,fear,17,male,normal,speech,train
/Users/harshmac/Desktop/Emotion Recognition/speech-emotion-recognition/backend/dataset/raw/ravdess/Actor_17/03-01-05-01-01-01-17.wav,ravdess,05,angry,17,male,normal,speech,val
/Users/harshmac/Desktop/Emotion Recognition/speech-emotion-recognition/backend/dataset/raw/ravdess/Actor_17/03-01-05-02-02-01-17.wav,ravdess,05,angry,17,male,strong,speech,train
/Users/harshmac/Desktop/Emotion Recognition/speech-emotion-recognition/backend/dataset/raw/ravdess/Actor_17/03-01-06-02-02-02-17.wav,ravdess,06,fear,17,male,strong,speech,train
/Users/harshmac/Desktop/Emotion Recognition/speech-emotion-recognition/backend/dataset/raw/ravdess/Actor_17/03-01-04-01-02-02-17.wav,ravdess,04,sad,17,male,normal,speech,val
/Users/harshmac/Desktop/Emotion Recognition/speech-emotion-recognition/backend/dataset/raw/ravdess/Actor_17/03-01-07-01-02-01-17.wav,ravdess,07,disgust,17,male,normal,speech,val
/Users/harshmac/Desktop/Emotion Recognition/speech-emotion-recognition/backend/dataset/raw/ravdess/Actor_17/03-01-07-02-01-01-17.wav,ravdess,07,disgust,17,male,strong,speech,train
/Users/harshmac/Desktop/Emotion Recognition/speech-emotion-recognition/backend/dataset/raw/ravdess/Actor_17/03-01-04-02-01-02-17.wav,ravdess,04,sad,17,male,strong,speech,train
/Users/harshmac/Desktop/Emotion Recognition/speech-emotion-recognition/backend/dataset/raw/ravdess/Actor_17/03-01-08-02-01-01-17.wav,ravdess,08,surprise,17,male,strong,speech,train
/Users/harshmac/Desktop/Emotion Recognition/speech-emotion-recognition/backend/dataset/raw/ravdess/Actor_17/03-01-08-01-02-01-17.wav,ravdess,08,surprise,17,male,normal,speech,train
/Users/harshmac/Desktop/Emotion Recognition/speech-emotion-recognition/backend/dataset/raw/ravdess/Actor_17/03-01-03-02-01-02-17.wav,ravdess,03,happy,17,male,strong,speech,train
/Users/harshmac/Desktop/Emotion Recognition/speech-emotion-recognition/backend/dataset/raw/ravdess/Actor_17/03-01-03-01-02-02-17.wav,ravdess,03,happy,17,male,normal,speech,val
/Users/harshmac/Desktop/Emotion Recognition/speech-emotion-recognition/backend/dataset/raw/ravdess/Actor_17/03-01-02-02-02-01-17.wav,ravdess,02,calm,17,male,strong,speech,train
/Users/harshmac/Desktop/Emotion Recognition/speech-emotion-recognition/backend/dataset/raw/ravdess/Actor_17/03-01-02-01-01-01-17.wav,ravdess,02,calm,17,male,normal,speech,train
/Users/harshmac/Desktop/Emotion Recognition/speech-emotion-recognition/backend/dataset/raw/ravdess/Actor_17/03-01-01-01-01-02-17.wav,ravdess,01,neutral,17,male,normal,speech,train
/Users/harshmac/Desktop/Emotion Recognition/speech-emotion-recognition/backend/dataset/raw/ravdess/Actor_04/03-01-03-02-02-02-04.wav,ravdess,03,happy,4,female,strong,speech,val
/Users/harshmac/Desktop/Emotion Recognition/speech-emotion-recognition/backend/dataset/raw/ravdess/Actor_04/03-01-03-01-01-02-04.wav,ravdess,03,happy,4,female,normal,speech,test
/Users/harshmac/Desktop/Emotion Recognition/speech-emotion-recognition/backend/dataset/raw/ravdess/Actor_04/03-01-02-02-01-01-04.wav,ravdess,02,calm,4,female,strong,speech,val
/Users/harshmac/Desktop/Emotion Recognition/speech-emotion-recognition/backend/dataset/raw/ravdess/Actor_04/03-01-01-01-02-02-04.wav,ravdess,01,neutral,4,female,normal,speech,test
/Users/harshmac/Desktop/Emotion Recognition/speech-emotion-recognition/backend/dataset/raw/ravdess/Actor_04/03-01-02-01-02-01-04.wav,ravdess,02,calm,4,female,normal,speech,train
/Users/harshmac/Desktop/Emotion Recognition/speech-emotion-recognition/backend/dataset/raw/ravdess/Actor_04/03-01-05-01-02-01-04.wav,ravdess,05,angry,4,female,normal,speech,train
/Users/harshmac/Desktop/Emotion Recognition/speech-emotion-recognition/backend/dataset/raw/ravdess/Actor_04/03-01-06-01-02-02-04.wav,ravdess,06,fear,4,female,normal,speech,train
/Users/harshmac/Desktop/Emotion Recognition/speech-emotion-recognition/backend/dataset/raw/ravdess/Actor_04/03-01-06-02-01-02-04.wav,ravdess,06,fear,4,female,strong,speech,train
/Users/harshmac/Desktop/Emotion Recognition/speech-emotion-recognition/backend/dataset/raw/ravdess/Actor_04/03-01-05-02-01-01-04.wav,ravdess,05,angry,4,female,strong,speech,train
/Users/harshmac/Desktop/Emotion Recognition/speech-emotion-recognition/backend/dataset/raw/ravdess/Actor_04/03-01-07-01-01-01-04.wav,ravdess,07,disgust,4,female,normal,speech,train
/Users/harshmac/Desktop/Emotion Recognition/speech-emotion-recognition/backend/dataset/raw/ravdess/Actor_04/03-01-04-01-01-02-04.wav,ravdess,04,sad,4,female,normal,speech,train
/Users/harshmac/Desktop/Emotion Recognition/speech-emotion-recognition/backend/dataset/raw/ravdess/Actor_04/03-01-04-02-02-02-04.wav,ravdess,04,sad,4,female,strong,speech,test
/Users/harshmac/Desktop/Emotion Recognition/speech-emotion-recognition/backend/dataset/raw/ravdess/Actor_04/03-01-07-02-02-01-04.wav,ravdess,07,disgust,4,female,strong,speech,train
/Users/harshmac/Desktop/Emotion Recognition/speech-emotion-recognition/backend/dataset/raw/ravdess/Actor_04/03-01-08-02-02-01-04.wav,ravdess,08,surprise,4,female,strong,speech,train
/Users/harshmac/Desktop/Emotion Recognition/speech-emotion-recognition/backend/dataset/raw/ravdess/Actor_04/03-01-08-01-01-01-04.wav,ravdess,08,surprise,4,female,normal,speech,train
/Users/harshmac/Desktop/Emotion Recognition/speech-emotion-recognition/backend/dataset/raw/ravdess/Actor_04/03-01-06-01-01-01-04.wav,ravdess,06,fear,4,female,normal,speech,train
/Users/harshmac/Desktop/Emotion Recognition/speech-emotion-recognition/backend/dataset/raw/ravdess/Actor_04/03-01-05-01-01-02-04.wav,ravdess,05,angry,4,female,normal,speech,train
/Users/harshmac/Desktop/Emotion Recognition/speech-emotion-recognition/backend/dataset/raw/ravdess/Actor_04/03-01-05-02-02-02-04.wav,ravdess,05,angry,4,female,strong,speech,train
/Users/harshmac/Desktop/Emotion Recognition/speech-emotion-recognition/backend/dataset/raw/ravdess/Actor_04/03-01-06-02-02-01-04.wav,ravdess,06,fear,4,female,strong,speech,train
/Users/harshmac/Desktop/Emotion Recognition/speech-emotion-recognition/backend/dataset/raw/ravdess/Actor_04/03-01-04-01-02-01-04.wav,ravdess,04,sad,4,female,normal,speech,train
/Users/harshmac/Desktop/Emotion Recognition/speech-emotion-recognition/backend/dataset/raw/ravdess/Actor_04/03-01-07-01-02-02-04.wav,ravdess,07,disgust,4,female,normal,speech,train
/Users/harshmac/Desktop/Emotion Recognition/speech-emotion-recognition/backend/dataset/raw/ravdess/Actor_04/03-01-07-02-01-02-04.wav,ravdess,07,disgust,4,female,strong,speech,train
/Users/harshmac/Desktop/Emotion Recognition/speech-emotion-recognition/backend/dataset/raw/ravdess/Actor_04/03-01-04-02-01-01-04.wav,ravdess,04,sad,4,female,strong,speech,test
/Users/harshmac/Desktop/Emotion Recognition/speech-emotion-recognition/backend/dataset/raw/ravdess/Actor_04/03-01-08-02-01-02-04.wav,ravdess,08,surprise,4,female,strong,speech,test
/Users/harshmac/Desktop/Emotion Recognition/speech-emotion-recognition/backend/dataset/raw/ravdess/Actor_04/03-01-08-01-02-02-04.wav,ravdess,08,surprise,4,female,normal,speech,train
/Users/harshmac/Desktop/Emotion Recognition/speech-emotion-recognition/backend/dataset/raw/ravdess/Actor_04/03-01-03-02-01-01-04.wav,ravdess,03,happy,4,female,strong,speech,train
/Users/harshmac/Desktop/Emotion Recognition/speech-emotion-recognition/backend/dataset/raw/ravdess/Actor_04/03-01-03-01-02-01-04.wav,ravdess,03,happy,4,female,normal,speech,train
/Users/harshmac/Desktop/Emotion Recognition/speech-emotion-recognition/backend/dataset/raw/ravdess/Actor_04/03-01-02-02-02-02-04.wav,ravdess,02,calm,4,female,strong,speech,train
/Users/harshmac/Desktop/Emotion Recognition/speech-emotion-recognition/backend/dataset/raw/ravdess/Actor_04/03-01-02-01-01-02-04.wav,ravdess,02,calm,4,female,normal,speech,test
/Users/harshmac/Desktop/Emotion Recognition/speech-emotion-recognition/backend/dataset/raw/ravdess/Actor_04/03-01-01-01-01-01-04.wav,ravdess,01,neutral,4,female,normal,speech,train
/Users/harshmac/Desktop/Emotion Recognition/speech-emotion-recognition/backend/dataset/raw/ravdess/Actor_04/03-01-07-02-02-02-04.wav,ravdess,07,disgust,4,female,strong,speech,train
/Users/harshmac/Desktop/Emotion Recognition/speech-emotion-recognition/backend/dataset/raw/ravdess/Actor_04/03-01-04-02-02-01-04.wav,ravdess,04,sad,4,female,strong,speech,train
/Users/harshmac/Desktop/Emotion Recognition/speech-emotion-recognition/backend/dataset/raw/ravdess/Actor_04/03-01-04-01-01-01-04.wav,ravdess,04,sad,4,female,normal,speech,train
/Users/harshmac/Desktop/Emotion Recognition/speech-emotion-recognition/backend/dataset/raw/ravdess/Actor_04/03-01-07-01-01-02-04.wav,ravdess,07,disgust,4,female,normal,speech,test
/Users/harshmac/Desktop/Emotion Recognition/speech-emotion-recognition/backend/dataset/raw/ravdess/Actor_04/03-01-05-02-01-02-04.wav,ravdess,05,angry,4,female,strong,speech,train
/Users/harshmac/Desktop/Emotion Recognition/speech-emotion-recognition/backend/dataset/raw/ravdess/Actor_04/03-01-06-02-01-01-04.wav,ravdess,06,fear,4,female,strong,speech,train
/Users/harshmac/Desktop/Emotion Recognition/speech-emotion-recognition/backend/dataset/raw/ravdess/Actor_04/03-01-06-01-02-01-04.wav,ravdess,06,fear,4,female,normal,speech,train
/Users/harshmac/Desktop/Emotion Recognition/speech-emotion-recognition/backend/dataset/raw/ravdess/Actor_04/03-01-05-01-02-02-04.wav,ravdess,05,angry,4,female,normal,speech,val
/Users/harshmac/Desktop/Emotion Recognition/speech-emotion-recognition/backend/dataset/raw/ravdess/Actor_04/03-01-08-01-01-02-04.wav,ravdess,08,surprise,4,female,normal,speech,train
/Users/harshmac/Desktop/Emotion Recognition/speech-emotion-recognition/backend/dataset/raw/ravdess/Actor_04/03-01-08-02-02-02-04.wav,ravdess,08,surprise,4,female,strong,speech,train
/Users/harshmac/Desktop/Emotion Recognition/speech-emotion-recognition/backend/dataset/raw/ravdess/Actor_04/03-01-02-01-02-02-04.wav,ravdess,02,calm,4,female,normal,speech,test
/Users/harshmac/Desktop/Emotion Recognition/speech-emotion-recognition/backend/dataset/raw/ravdess/Actor_04/03-01-01-01-02-01-04.wav,ravdess,01,neutral,4,female,normal,speech,val
/Users/harshmac/Desktop/Emotion Recognition/speech-emotion-recognition/backend/dataset/raw/ravdess/Actor_04/03-01-02-02-01-02-04.wav,ravdess,02,calm,4,female,strong,speech,train
/Users/harshmac/Desktop/Emotion Recognition/speech-emotion-recognition/backend/dataset/raw/ravdess/Actor_04/03-01-03-01-01-01-04.wav,ravdess,03,happy,4,female,normal,speech,train
/Users/harshmac/Desktop/Emotion Recognition/speech-emotion-recognition/backend/dataset/raw/ravdess/Actor_04/03-01-03-02-02-01-04.wav,ravdess,03,happy,4,female,strong,speech,val
/Users/harshmac/Desktop/Emotion Recognition/speech-emotion-recognition/backend/dataset/raw/ravdess/Actor_04/03-01-01-01-01-02-04.wav,ravdess,01,neutral,4,female,normal,speech,val
/Users/harshmac/Desktop/Emotion Recognition/speech-emotion-recognition/backend/dataset/raw/ravdess/Actor_04/03-01-02-01-01-01-04.wav,ravdess,02,calm,4,female,normal,speech,train
/Users/harshmac/Desktop/Emotion Recognition/speech-emotion-recognition/backend/dataset/raw/ravdess/Actor_04/03-01-02-02-02-01-04.wav,ravdess,02,calm,4,female,strong,speech,train
/Users/harshmac/Desktop/Emotion Recognition/speech-emotion-recognition/backend/dataset/raw/ravdess/Actor_04/03-01-03-01-02-02-04.wav,ravdess,03,happy,4,female,normal,speech,train
/Users/harshmac/Desktop/Emotion Recognition/speech-emotion-recognition/backend/dataset/raw/ravdess/Actor_04/03-01-03-02-01-02-04.wav,ravdess,03,happy,4,female,strong,speech,train
/Users/harshmac/Desktop/Emotion Recognition/speech-emotion-recognition/backend/dataset/raw/ravdess/Actor_04/03-01-04-02-01-02-04.wav,ravdess,04,sad,4,female,strong,speech,train
/Users/harshmac/Desktop/Emotion Recognition/speech-emotion-recognition/backend/dataset/raw/ravdess/Actor_04/03-01-07-02-01-01-04.wav,ravdess,07,disgust,4,female,strong,speech,train
/Users/harshmac/Desktop/Emotion Recognition/speech-emotion-recognition/backend/dataset/raw/ravdess/Actor_04/03-01-07-01-02-01-04.wav,ravdess,07,disgust,4,female,normal,speech,val
/Users/harshmac/Desktop/Emotion Recognition/speech-emotion-recognition/backend/dataset/raw/ravdess/Actor_04/03-01-04-01-02-02-04.wav,ravdess,04,sad,4,female,normal,speech,train
/Users/harshmac/Desktop/Emotion Recognition/speech-emotion-recognition/backend/dataset/raw/ravdess/Actor_04/03-01-06-02-02-02-04.wav,ravdess,06,fear,4,female,strong,speech,train
/Users/harshmac/Desktop/Emotion Recognition/speech-emotion-recognition/backend/dataset/raw/ravdess/Actor_04/03-01-05-02-02-01-04.wav,ravdess,05,angry,4,female,strong,speech,train
/Users/harshmac/Desktop/Emotion Recognition/speech-emotion-recognition/backend/dataset/raw/ravdess/Actor_04/03-01-05-01-01-01-04.wav,ravdess,05,angry,4,female,normal,speech,train
/Users/harshmac/Desktop/Emotion Recognition/speech-emotion-recognition/backend/dataset/raw/ravdess/Actor_04/03-01-06-01-01-02-04.wav,ravdess,06,fear,4,female,normal,speech,train
/Users/harshmac/Desktop/Emotion Recognition/speech-emotion-recognition/backend/dataset/raw/ravdess/Actor_04/03-01-08-01-02-01-04.wav,ravdess,08,surprise,4,female,normal,speech,train
/Users/harshmac/Desktop/Emotion Recognition/speech-emotion-recognition/backend/dataset/raw/ravdess/Actor_04/03-01-08-02-01-01-04.wav,ravdess,08,surprise,4,female,strong,speech,test
/Users/harshmac/Desktop/Emotion Recognition/speech-emotion-recognition/backend/dataset/raw/ravdess/Actor_03/03-01-04-02-02-02-03.wav,ravdess,04,sad,3,male,strong,speech,train
/Users/harshmac/Desktop/Emotion Recognition/speech-emotion-recognition/backend/dataset/raw/ravdess/Actor_03/03-01-07-02-02-01-03.wav,ravdess,07,disgust,3,male,strong,speech,train
/Users/harshmac/Desktop/Emotion Recognition/speech-emotion-recognition/backend/dataset/raw/ravdess/Actor_03/03-01-07-01-01-01-03.wav,ravdess,07,disgust,3,male,normal,speech,val
/Users/harshmac/Desktop/Emotion Recognition/speech-emotion-recognition/backend/dataset/raw/ravdess/Actor_03/03-01-04-01-01-02-03.wav,ravdess,04,sad,3,male,normal,speech,test
/Users/harshmac/Desktop/Emotion Recognition/speech-emotion-recognition/backend/dataset/raw/ravdess/Actor_03/03-01-06-02-01-02-03.wav,ravdess,06,fear,3,male,strong,speech,train
/Users/harshmac/Desktop/Emotion Recognition/speech-emotion-recognition/backend/dataset/raw/ravdess/Actor_03/03-01-05-02-01-01-03.wav,ravdess,05,angry,3,male,strong,speech,train
/Users/harshmac/Desktop/Emotion Recognition/speech-emotion-recognition/backend/dataset/raw/ravdess/Actor_03/03-01-05-01-02-01-03.wav,ravdess,05,angry,3,male,normal,speech,train
/Users/harshmac/Desktop/Emotion Recognition/speech-emotion-recognition/backend/dataset/raw/ravdess/Actor_03/03-01-06-01-02-02-03.wav,ravdess,06,fear,3,male,normal,speech,test
/Users/harshmac/Desktop/Emotion Recognition/speech-emotion-recognition/backend/dataset/raw/ravdess/Actor_03/03-01-08-01-01-01-03.wav,ravdess,08,surprise,3,male,normal,speech,val
/Users/harshmac/Desktop/Emotion Recognition/speech-emotion-recognition/backend/dataset/raw/ravdess/Actor_03/03-01-08-02-02-01-03.wav,ravdess,08,surprise,3,male,strong,speech,test
/Users/harshmac/Desktop/Emotion Recognition/speech-emotion-recognition/backend/dataset/raw/ravdess/Actor_03/03-01-01-01-02-02-03.wav,ravdess,01,neutral,3,male,normal,speech,test
/Users/harshmac/Desktop/Emotion Recognition/speech-emotion-recognition/backend/dataset/raw/ravdess/Actor_03/03-01-02-01-02-01-03.wav,ravdess,02,calm,3,male,normal,speech,train
/Users/harshmac/Desktop/Emotion Recognition/speech-emotion-recognition/backend/dataset/raw/ravdess/Actor_03/03-01-02-02-01-01-03.wav,ravdess,02,calm,3,male,strong,speech,train
/Users/harshmac/Desktop/Emotion Recognition/speech-emotion-recognition/backend/dataset/raw/ravdess/Actor_03/03-01-03-01-01-02-03.wav,ravdess,03,happy,3,male,normal,speech,train
/Users/harshmac/Desktop/Emotion Recognition/speech-emotion-recognition/backend/dataset/raw/ravdess/Actor_03/03-01-03-02-02-02-03.wav,ravdess,03,happy,3,male,strong,speech,test
/Users/harshmac/Desktop/Emotion Recognition/speech-emotion-recognition/backend/dataset/raw/ravdess/Actor_03/03-01-02-01-01-02-03.wav,ravdess,02,calm,3,male,normal,speech,val
/Users/harshmac/Desktop/Emotion Recognition/speech-emotion-recognition/backend/dataset/raw/ravdess/Actor_03/03-01-01-01-01-01-03.wav,ravdess,01,neutral,3,male,normal,speech,test
/Users/harshmac/Desktop/Emotion Recognition/speech-emotion-recognition/backend/dataset/raw/ravdess/Actor_03/03-01-02-02-02-02-03.wav,ravdess,02,calm,3,male,strong,speech,train
/Users/harshmac/Desktop/Emotion Recognition/speech-emotion-recognition/backend/dataset/raw/ravdess/Actor_03/03-01-03-01-02-01-03.wav,ravdess,03,happy,3,male,normal,speech,test
/Users/harshmac/Desktop/Emotion Recognition/speech-emotion-recognition/backend/dataset/raw/ravdess/Actor_03/03-01-03-02-01-01-03.wav,ravdess,03,happy,3,male,strong,speech,val
/Users/harshmac/Desktop/Emotion Recognition/speech-emotion-recognition/backend/dataset/raw/ravdess/Actor_03/03-01-07-02-01-02-03.wav,ravdess,07,disgust,3,male,strong,speech,train
/Users/harshmac/Desktop/Emotion Recognition/speech-emotion-recognition/backend/dataset/raw/ravdess/Actor_03/03-01-04-02-01-01-03.wav,ravdess,04,sad,3,male,strong,speech,val
/Users/harshmac/Desktop/Emotion Recognition/speech-emotion-recognition/backend/dataset/raw/ravdess/Actor_03/03-01-04-01-02-01-03.wav,ravdess,04,sad,3,male,normal,speech,train
/Users/harshmac/Desktop/Emotion Recognition/speech-emotion-recognition/backend/dataset/raw/ravdess/Actor_03/03-01-07-01-02-02-03.wav,ravdess,07,disgust,3,male,normal,speech,train
/Users/harshmac/Desktop/Emotion Recognition/speech-emotion-recognition/backend/dataset/raw/ravdess/Actor_03/03-01-05-02-02-02-03.wav,ravdess,05,angry,3,male,strong,speech,test
/Users/harshmac/Desktop/Emotion Recognition/speech-emotion-recognition/backend/dataset/raw/ravdess/Actor_03/03-01-06-02-02-01-03.wav,ravdess,06,fear,3,male,strong,speech,test
/Users/harshmac/Desktop/Emotion Recognition/speech-emotion-recognition/backend/dataset/raw/ravdess/Actor_03/03-01-06-01-01-01-03.wav,ravdess,06,fear,3,male,normal,speech,test
/Users/harshmac/Desktop/Emotion Recognition/speech-emotion-recognition/backend/dataset/raw/ravdess/Actor_03/03-01-05-01-01-02-03.wav,ravdess,05,angry,3,male,normal,speech,val
/Users/harshmac/Desktop/Emotion Recognition/speech-emotion-recognition/backend/dataset/raw/ravdess/Actor_03/03-01-08-01-02-02-03.wav,ravdess,08,surprise,3,male,normal,speech,train
/Users/harshmac/Desktop/Emotion Recognition/speech-emotion-recognition/backend/dataset/raw/ravdess/Actor_03/03-01-08-02-01-02-03.wav,ravdess,08,surprise,3,male,strong,speech,train
/Users/harshmac/Desktop/Emotion Recognition/speech-emotion-recognition/backend/dataset/raw/ravdess/Actor_03/03-01-03-02-02-01-03.wav,ravdess,03,happy,3,male,strong,speech,train
/Users/harshmac/Desktop/Emotion Recognition/speech-emotion-recognition/backend/dataset/raw/ravdess/Actor_03/03-01-03-01-01-01-03.wav,ravdess,03,happy,3,male,normal,speech,train
/Users/harshmac/Desktop/Emotion Recognition/speech-emotion-recognition/backend/dataset/raw/ravdess/Actor_03/03-01-02-02-01-02-03.wav,ravdess,02,calm,3,male,strong,speech,train
/Users/harshmac/Desktop/Emotion Recognition/speech-emotion-recognition/backend/dataset/raw/ravdess/Actor_03/03-01-02-01-02-02-03.wav,ravdess,02,calm,3,male,normal,speech,train
/Users/harshmac/Desktop/Emotion Recognition/speech-emotion-recognition/backend/dataset/raw/ravdess/Actor_03/03-01-01-01-02-01-03.wav,ravdess,01,neutral,3,male,normal,speech,train
/Users/harshmac/Desktop/Emotion Recognition/speech-emotion-recognition/backend/dataset/raw/ravdess/Actor_03/03-01-06-01-02-01-03.wav,ravdess,06,fear,3,male,normal,speech,val
/Users/harshmac/Desktop/Emotion Recognition/speech-emotion-recognition/backend/dataset/raw/ravdess/Actor_03/03-01-05-01-02-02-03.wav,ravdess,05,angry,3,male,normal,speech,train
/Users/harshmac/Desktop/Emotion Recognition/speech-emotion-recognition/backend/dataset/raw/ravdess/Actor_03/03-01-05-02-01-02-03.wav,ravdess,05,angry,3,male,strong,speech,train
/Users/harshmac/Desktop/Emotion Recognition/speech-emotion-recognition/backend/dataset/raw/ravdess/Actor_03/03-01-06-02-01-01-03.wav,ravdess,06,fear,3,male,strong,speech,train
/Users/harshmac/Desktop/Emotion Recognition/speech-emotion-recognition/backend/dataset/raw/ravdess/Actor_03/03-01-04-01-01-01-03.wav,ravdess,04,sad,3,male,normal,speech,val
/Users/harshmac/Desktop/Emotion Recognition/speech-emotion-recognition/backend/dataset/raw/ravdess/Actor_03/03-01-07-01-01-02-03.wav,ravdess,07,disgust,3,male,normal,speech,train
/Users/harshmac/Desktop/Emotion Recognition/speech-emotion-recognition/backend/dataset/raw/ravdess/Actor_03/03-01-07-02-02-02-03.wav,ravdess,07,disgust,3,male,strong,speech,train
/Users/harshmac/Desktop/Emotion Recognition/speech-emotion-recognition/backend/dataset/raw/ravdess/Actor_03/03-01-04-02-02-01-03.wav,ravdess,04,sad,3,male,strong,speech,train
/Users/harshmac/Desktop/Emotion Recognition/speech-emotion-recognition/backend/dataset/raw/ravdess/Actor_03/03-01-08-02-02-02-03.wav,ravdess,08,surprise,3,male,strong,speech,val
/Users/harshmac/Desktop/Emotion Recognition/speech-emotion-recognition/backend/dataset/raw/ravdess/Actor_03/03-01-08-01-01-02-03.wav,ravdess,08,surprise,3,male,normal,speech,test
/Users/harshmac/Desktop/Emotion Recognition/speech-emotion-recognition/backend/dataset/raw/ravdess/Actor_03/03-01-05-01-01-01-03.wav,ravdess,05,angry,3,male,normal,speech,train
/Users/harshmac/Desktop/Emotion Recognition/speech-emotion-recognition/backend/dataset/raw/ravdess/Actor_03/03-01-06-01-01-02-03.wav,ravdess,06,fear,3,male,normal,speech,train
/Users/harshmac/Desktop/Emotion Recognition/speech-emotion-recognition/backend/dataset/raw/ravdess/Actor_03/03-01-06-02-02-02-03.wav,ravdess,06,fear,3,male,strong,speech,train
/Users/harshmac/Desktop/Emotion Recognition/speech-emotion-recognition/backend/dataset/raw/ravdess/Actor_03/03-01-05-02-02-01-03.wav,ravdess,05,angry,3,male,strong,speech,train
/Users/harshmac/Desktop/Emotion Recognition/speech-emotion-recognition/backend/dataset/raw/ravdess/Actor_03/03-01-07-01-02-01-03.wav,ravdess,07,disgust,3,male,normal,speech,train
/Users/harshmac/Desktop/Emotion Recognition/speech-emotion-recognition/backend/dataset/raw/ravdess/Actor_03/03-01-04-01-02-02-03.wav,ravdess,04,sad,3,male,normal,speech,train
/Users/harshmac/Desktop/Emotion Recognition/speech-emotion-recognition/backend/dataset/raw/ravdess/Actor_03/03-01-04-02-01-02-03.wav,ravdess,04,sad,3,male,strong,speech,val
/Users/harshmac/Desktop/Emotion Recognition/speech-emotion-recognition/backend/dataset/raw/ravdess/Actor_03/03-01-07-02-01-01-03.wav,ravdess,07,disgust,3,male,strong,speech,train
/Users/harshmac/Desktop/Emotion Recognition/speech-emotion-recognition/backend/dataset/raw/ravdess/Actor_03/03-01-08-02-01-01-03.wav,ravdess,08,surprise,3,male,strong,speech,train
/Users/harshmac/Desktop/Emotion Recognition/speech-emotion-recognition/backend/dataset/raw/ravdess/Actor_03/03-01-08-01-02-01-03.wav,ravdess,08,surprise,3,male,normal,speech,train
/Users/harshmac/Desktop/Emotion Recognition/speech-emotion-recognition/backend/dataset/raw/ravdess/Actor_03/03-01-03-02-01-02-03.wav,ravdess,03,happy,3,male,strong,speech,test
/Users/harshmac/Desktop/Emotion Recognition/speech-emotion-recognition/backend/dataset/raw/ravdess/Actor_03/03-01-03-01-02-02-03.wav,ravdess,03,happy,3,male,normal,speech,train
/Users/harshmac/Desktop/Emotion Recognition/speech-emotion-recognition/backend/dataset/raw/ravdess/Actor_03/03-01-02-02-02-01-03.wav,ravdess,02,calm,3,male,strong,speech,train
/Users/harshmac/Desktop/Emotion Recognition/speech-emotion-recognition/backend/dataset/raw/ravdess/Actor_03/03-01-01-01-01-02-03.wav,ravdess,01,neutral,3,male,normal,speech,train
/Users/harshmac/Desktop/Emotion Recognition/speech-emotion-recognition/backend/dataset/raw/ravdess/Actor_03/03-01-02-01-01-01-03.wav,ravdess,02,calm,3,male,normal,speech,train
/Users/harshmac/Desktop/Emotion Recognition/speech-emotion-recognition/backend/dataset/raw/ravdess/Actor_02/03-01-06-01-02-02-02.wav,ravdess,06,fear,2,female,normal,speech,val
/Users/harshmac/Desktop/Emotion Recognition/speech-emotion-recognition/backend/dataset/raw/ravdess/Actor_02/03-01-05-01-02-01-02.wav,ravdess,05,angry,2,female,normal,speech,val
/Users/harshmac/Desktop/Emotion Recognition/speech-emotion-recognition/backend/dataset/raw/ravdess/Actor_02/03-01-05-02-01-01-02.wav,ravdess,05,angry,2,female,strong,speech,train
/Users/harshmac/Desktop/Emotion Recognition/speech-emotion-recognition/backend/dataset/raw/ravdess/Actor_02/03-01-06-02-01-02-02.wav,ravdess,06,fear,2,female,strong,speech,train
/Users/harshmac/Desktop/Emotion Recognition/speech-emotion-recognition/backend/dataset/raw/ravdess/Actor_02/03-01-04-01-01-02-02.wav,ravdess,04,sad,2,female,normal,speech,train
/Users/harshmac/Desktop/Emotion Recognition/speech-emotion-recognition/backend/dataset/raw/ravdess/Actor_02/03-01-07-01-01-01-02.wav,ravdess,07,disgust,2,female,normal,speech,train
/Users/harshmac/Desktop/Emotion Recognition/speech-emotion-recognition/backend/dataset/raw/ravdess/Actor_02/03-01-07-02-02-01-02.wav,ravdess,07,disgust,2,female,strong,speech,train
/Users/harshmac/Desktop/Emotion Recognition/speech-emotion-recognition/backend/dataset/raw/ravdess/Actor_02/03-01-04-02-02-02-02.wav,ravdess,04,sad,2,female,strong,speech,train
/Users/harshmac/Desktop/Emotion Recognition/speech-emotion-recognition/backend/dataset/raw/ravdess/Actor_02/03-01-08-02-02-01-02.wav,ravdess,08,surprise,2,female,strong,speech,train
/Users/harshmac/Desktop/Emotion Recognition/speech-emotion-recognition/backend/dataset/raw/ravdess/Actor_02/03-01-08-01-01-01-02.wav,ravdess,08,surprise,2,female,normal,speech,train
/Users/harshmac/Desktop/Emotion Recognition/speech-emotion-recognition/backend/dataset/raw/ravdess/Actor_02/03-01-03-02-02-02-02.wav,ravdess,03,happy,2,female,strong,speech,test
/Users/harshmac/Desktop/Emotion Recognition/speech-emotion-recognition/backend/dataset/raw/ravdess/Actor_02/03-01-03-01-01-02-02.wav,ravdess,03,happy,2,female,normal,speech,test
/Users/harshmac/Desktop/Emotion Recognition/speech-emotion-recognition/backend/dataset/raw/ravdess/Actor_02/03-01-02-02-01-01-02.wav,ravdess,02,calm,2,female,strong,speech,test
/Users/harshmac/Desktop/Emotion Recognition/speech-emotion-recognition/backend/dataset/raw/ravdess/Actor_02/03-01-02-01-02-01-02.wav,ravdess,02,calm,2,female,normal,speech,train
/Users/harshmac/Desktop/Emotion Recognition/speech-emotion-recognition/backend/dataset/raw/ravdess/Actor_02/03-01-01-01-02-02-02.wav,ravdess,01,neutral,2,female,normal,speech,train
/Users/harshmac/Desktop/Emotion Recognition/speech-emotion-recognition/backend/dataset/raw/ravdess/Actor_02/03-01-03-02-01-01-02.wav,ravdess,03,happy,2,female,strong,speech,train
/Users/harshmac/Desktop/Emotion Recognition/speech-emotion-recognition/backend/dataset/raw/ravdess/Actor_02/03-01-03-01-02-01-02.wav,ravdess,03,happy,2,female,normal,speech,val
/Users/harshmac/Desktop/Emotion Recognition/speech-emotion-recognition/backend/dataset/raw/ravdess/Actor_02/03-01-02-02-02-02-02.wav,ravdess,02,calm,2,female,strong,speech,train
/Users/harshmac/Desktop/Emotion Recognition/speech-emotion-recognition/backend/dataset/raw/ravdess/Actor_02/03-01-01-01-01-01-02.wav,ravdess,01,neutral,2,female,normal,speech,train
/Users/harshmac/Desktop/Emotion Recognition/speech-emotion-recognition/backend/dataset/raw/ravdess/Actor_02/03-01-02-01-01-02-02.wav,ravdess,02,calm,2,female,normal,speech,train
/Users/harshmac/Desktop/Emotion Recognition/speech-emotion-recognition/backend/dataset/raw/ravdess/Actor_02/03-01-05-01-01-02-02.wav,ravdess,05,angry,2,female,normal,speech,train
/Users/harshmac/Desktop/Emotion Recognition/speech-emotion-recognition/backend/dataset/raw/ravdess/Actor_02/03-01-06-01-01-01-02.wav,ravdess,06,fear,2,female,normal,speech,test
/Users/harshmac/Desktop/Emotion Recognition/speech-emotion-recognition/backend/dataset/raw/ravdess/Actor_02/03-01-06-02-02-01-02.wav,ravdess,06,fear,2,female,strong,speech,train
/Users/harshmac/Desktop/Emotion Recognition/speech-emotion-recognition/backend/dataset/raw/ravdess/Actor_02/03-01-05-02-02-02-02.wav,ravdess,05,angry,2,female,strong,speech,val
/Users/harshmac/Desktop/Emotion Recognition/speech-emotion-recognition/backend/dataset/raw/ravdess/Actor_02/03-01-07-01-02-02-02.wav,ravdess,07,disgust,2,female,normal,speech,train
/Users/harshmac/Desktop/Emotion Recognition/speech-emotion-recognition/backend/dataset/raw/ravdess/Actor_02/03-01-04-01-02-01-02.wav,ravdess,04,sad,2,female,normal,speech,train
/Users/harshmac/Desktop/Emotion Recognition/speech-emotion-recognition/backend/dataset/raw/ravdess/Actor_02/03-01-04-02-01-01-02.wav,ravdess,04,sad,2,female,strong,speech,train
/Users/harshmac/Desktop/Emotion Recognition/speech-emotion-recognition/backend/dataset/raw/ravdess/Actor_02/03-01-07-02-01-02-02.wav,ravdess,07,disgust,2,female,strong,speech,train
/Users/harshmac/Desktop/Emotion Recognition/speech-emotion-recognition/backend/dataset/raw/ravdess/Actor_02/03-01-08-02-01-02-02.wav,ravdess,08,surprise,2,female,strong,speech,train
/Users/harshmac/Desktop/Emotion Recognition/speech-emotion-recognition/backend/dataset/raw/ravdess/Actor_02/03-01-08-01-02-02-02.wav,ravdess,08,surprise,2,female,normal,speech,val
/Users/harshmac/Desktop/Emotion Recognition/speech-emotion-recognition/backend/dataset/raw/ravdess/Actor_02/03-01-01-01-02-01-02.wav,ravdess,01,neutral,2,female,normal,speech,train
/Users/harshmac/Desktop/Emotion Recognition/speech-emotion-recognition/backend/dataset/raw/ravdess/Actor_02/03-01-02-01-02-02-02.wav,ravdess,02,calm,2,female,normal,speech,val
/Users/harshmac/Desktop/Emotion Recognition/speech-emotion-recognition/backend/dataset/raw/ravdess/Actor_02/03-01-02-02-01-02-02.wav,ravdess,02,calm,2,female,strong,speech,train
/Users/harshmac/Desktop/Emotion Recognition/speech-emotion-recognition/backend/dataset/raw/ravdess/Actor_02/03-01-03-01-01-01-02.wav,ravdess,03,happy,2,female,normal,speech,test
/Users/harshmac/Desktop/Emotion Recognition/speech-emotion-recognition/backend/dataset/raw/ravdess/Actor_02/03-01-03-02-02-01-02.wav,ravdess,03,happy,2,female,strong,speech,train
/Users/harshmac/Desktop/Emotion Recognition/speech-emotion-recognition/backend/dataset/raw/ravdess/Actor_02/03-01-04-02-02-01-02.wav,ravdess,04,sad,2,female,strong,speech,train
/Users/harshmac/Desktop/Emotion Recognition/speech-emotion-recognition/backend/dataset/raw/ravdess/Actor_02/03-01-07-02-02-02-02.wav,ravdess,07,disgust,2,female,strong,speech,train
/Users/harshmac/Desktop/Emotion Recognition/speech-emotion-recognition/backend/dataset/raw/ravdess/Actor_02/03-01-07-01-01-02-02.wav,ravdess,07,disgust,2,female,normal,speech,test
/Users/harshmac/Desktop/Emotion Recognition/speech-emotion-recognition/backend/dataset/raw/ravdess/Actor_02/03-01-04-01-01-01-02.wav,ravdess,04,sad,2,female,normal,speech,test
/Users/harshmac/Desktop/Emotion Recognition/speech-emotion-recognition/backend/dataset/raw/ravdess/Actor_02/03-01-06-02-01-01-02.wav,ravdess,06,fear,2,female,strong,speech,train
/Users/harshmac/Desktop/Emotion Recognition/speech-emotion-recognition/backend/dataset/raw/ravdess/Actor_02/03-01-05-02-01-02-02.wav,ravdess,05,angry,2,female,strong,speech,train
/Users/harshmac/Desktop/Emotion Recognition/speech-emotion-recognition/backend/dataset/raw/ravdess/Actor_02/03-01-05-01-02-02-02.wav,ravdess,05,angry,2,female,normal,speech,train
/Users/harshmac/Desktop/Emotion Recognition/speech-emotion-recognition/backend/dataset/raw/ravdess/Actor_02/03-01-06-01-02-01-02.wav,ravdess,06,fear,2,female,normal,speech,train
/Users/harshmac/Desktop/Emotion Recognition/speech-emotion-recognition/backend/dataset/raw/ravdess/Actor_02/03-01-08-01-01-02-02.wav,ravdess,08,surprise,2,female,normal,speech,test
/Users/harshmac/Desktop/Emotion Recognition/speech-emotion-recognition/backend/dataset/raw/ravdess/Actor_02/03-01-08-02-02-02-02.wav,ravdess,08,surprise,2,female,strong,speech,train
/Users/harshmac/Desktop/Emotion Recognition/speech-emotion-recognition/backend/dataset/raw/ravdess/Actor_02/03-01-07-02-01-01-02.wav,ravdess,07,disgust,2,female,strong,speech,train
/Users/harshmac/Desktop/Emotion Recognition/speech-emotion-recognition/backend/dataset/raw/ravdess/Actor_02/03-01-04-02-01-02-02.wav,ravdess,04,sad,2,female,strong,speech,train
/Users/harshmac/Desktop/Emotion Recognition/speech-emotion-recognition/backend/dataset/raw/ravdess/Actor_02/03-01-04-01-02-02-02.wav,ravdess,04,sad,2,female,normal,speech,train
/Users/harshmac/Desktop/Emotion Recognition/speech-emotion-recognition/backend/dataset/raw/ravdess/Actor_02/03-01-07-01-02-01-02.wav,ravdess,07,disgust,2,female,normal,speech,train
/Users/harshmac/Desktop/Emotion Recognition/speech-emotion-recognition/backend/dataset/raw/ravdess/Actor_02/03-01-05-02-02-01-02.wav,ravdess,05,angry,2,female,strong,speech,val
/Users/harshmac/Desktop/Emotion Recognition/speech-emotion-recognition/backend/dataset/raw/ravdess/Actor_02/03-01-06-02-02-02-02.wav,ravdess,06,fear,2,female,strong,speech,train
/Users/harshmac/Desktop/Emotion Recognition/speech-emotion-recognition/backend/dataset/raw/ravdess/Actor_02/03-01-06-01-01-02-02.wav,ravdess,06,fear,2,female,normal,speech,train
/Users/harshmac/Desktop/Emotion Recognition/speech-emotion-recognition/backend/dataset/raw/ravdess/Actor_02/03-01-05-01-01-01-02.wav,ravdess,05,angry,2,female,normal,speech,test
/Users/harshmac/Desktop/Emotion Recognition/speech-emotion-recognition/backend/dataset/raw/ravdess/Actor_02/03-01-08-01-02-01-02.wav,ravdess,08,surprise,2,female,normal,speech,train
/Users/harshmac/Desktop/Emotion Recognition/speech-emotion-recognition/backend/dataset/raw/ravdess/Actor_02/03-01-08-02-01-01-02.wav,ravdess,08,surprise,2,female,strong,speech,test
/Users/harshmac/Desktop/Emotion Recognition/speech-emotion-recognition/backend/dataset/raw/ravdess/Actor_02/03-01-02-01-01-01-02.wav,ravdess,02,calm,2,female,normal,speech,test
/Users/harshmac/Desktop/Emotion Recognition/speech-emotion-recognition/backend/dataset/raw/ravdess/Actor_02/03-01-01-01-01-02-02.wav,ravdess,01,neutral,2,female,normal,speech,val
/Users/harshmac/Desktop/Emotion Recognition/speech-emotion-recognition/backend/dataset/raw/ravdess/Actor_02/03-01-02-02-02-01-02.wav,ravdess,02,calm,2,female,strong,speech,train
/Users/harshmac/Desktop/Emotion Recognition/speech-emotion-recognition/backend/dataset/raw/ravdess/Actor_02/03-01-03-01-02-02-02.wav,ravdess,03,happy,2,female,normal,speech,train
/Users/harshmac/Desktop/Emotion Recognition/speech-emotion-recognition/backend/dataset/raw/ravdess/Actor_02/03-01-03-02-01-02-02.wav,ravdess,03,happy,2,female,strong,speech,train
/Users/harshmac/Desktop/Emotion Recognition/speech-emotion-recognition/backend/dataset/raw/ravdess/Actor_05/03-01-02-01-02-01-05.wav,ravdess,02,calm,5,male,normal,speech,train
/Users/harshmac/Desktop/Emotion Recognition/speech-emotion-recognition/backend/dataset/raw/ravdess/Actor_05/03-01-01-01-02-02-05.wav,ravdess,01,neutral,5,male,normal,speech,train
/Users/harshmac/Desktop/Emotion Recognition/speech-emotion-recognition/backend/dataset/raw/ravdess/Actor_05/03-01-02-02-01-01-05.wav,ravdess,02,calm,5,male,strong,speech,train
/Users/harshmac/Desktop/Emotion Recognition/speech-emotion-recognition/backend/dataset/raw/ravdess/Actor_05/03-01-03-01-01-02-05.wav,ravdess,03,happy,5,male,normal,speech,train
/Users/harshmac/Desktop/Emotion Recognition/speech-emotion-recognition/backend/dataset/raw/ravdess/Actor_05/03-01-03-02-02-02-05.wav,ravdess,03,happy,5,male,strong,speech,train
/Users/harshmac/Desktop/Emotion Recognition/speech-emotion-recognition/backend/dataset/raw/ravdess/Actor_05/03-01-07-02-02-01-05.wav,ravdess,07,disgust,5,male,strong,speech,train
/Users/harshmac/Desktop/Emotion Recognition/speech-emotion-recognition/backend/dataset/raw/ravdess/Actor_05/03-01-04-02-02-02-05.wav,ravdess,04,sad,5,male,strong,speech,train
/Users/harshmac/Desktop/Emotion Recognition/speech-emotion-recognition/backend/dataset/raw/ravdess/Actor_05/03-01-04-01-01-02-05.wav,ravdess,04,sad,5,male,normal,speech,train
/Users/harshmac/Desktop/Emotion Recognition/speech-emotion-recognition/backend/dataset/raw/ravdess/Actor_05/03-01-07-01-01-01-05.wav,ravdess,07,disgust,5,male,normal,speech,train
/Users/harshmac/Desktop/Emotion Recognition/speech-emotion-recognition/backend/dataset/raw/ravdess/Actor_05/03-01-05-02-01-01-05.wav,ravdess,05,angry,5,male,strong,speech,test
/Users/harshmac/Desktop/Emotion Recognition/speech-emotion-recognition/backend/dataset/raw/ravdess/Actor_05/03-01-06-02-01-02-05.wav,ravdess,06,fear,5,male,strong,speech,train
/Users/harshmac/Desktop/Emotion Recognition/speech-emotion-recognition/backend/dataset/raw/ravdess/Actor_05/03-01-06-01-02-02-05.wav,ravdess,06,fear,5,male,normal,speech,train
/Users/harshmac/Desktop/Emotion Recognition/speech-emotion-recognition/backend/dataset/raw/ravdess/Actor_05/03-01-05-01-02-01-05.wav,ravdess,05,angry,5,male,normal,speech,val
/Users/harshmac/Desktop/Emotion Recognition/speech-emotion-recognition/backend/dataset/raw/ravdess/Actor_05/03-01-08-01-01-01-05.wav,ravdess,08,surprise,5,male,normal,speech,train
/Users/harshmac/Desktop/Emotion Recognition/speech-emotion-recognition/backend/dataset/raw/ravdess/Actor_05/03-01-08-02-02-01-05.wav,ravdess,08,surprise,5,male,strong,speech,train
/Users/harshmac/Desktop/Emotion Recognition/speech-emotion-recognition/backend/dataset/raw/ravdess/Actor_05/03-01-04-02-01-01-05.wav,ravdess,04,sad,5,male,strong,speech,train
/Users/harshmac/Desktop/Emotion Recognition/speech-emotion-recognition/backend/dataset/raw/ravdess/Actor_05/03-01-07-02-01-02-05.wav,ravdess,07,disgust,5,male,strong,speech,train
/Users/harshmac/Desktop/Emotion Recognition/speech-emotion-recognition/backend/dataset/raw/ravdess/Actor_05/03-01-07-01-02-02-05.wav,ravdess,07,disgust,5,male,normal,speech,train
/Users/harshmac/Desktop/Emotion Recognition/speech-emotion-recognition/backend/dataset/raw/ravdess/Actor_05/03-01-04-01-02-01-05.wav,ravdess,04,sad,5,male,normal,speech,val
/Users/harshmac/Desktop/Emotion Recognition/speech-emotion-recognition/backend/dataset/raw/ravdess/Actor_05/03-01-06-02-02-01-05.wav,ravdess,06,fear,5,male,strong,speech,train
/Users/harshmac/Desktop/Emotion Recognition/speech-emotion-recognition/backend/dataset/raw/ravdess/Actor_05/03-01-05-02-02-02-05.wav,ravdess,05,angry,5,male,strong,speech,train
/Users/harshmac/Desktop/Emotion Recognition/speech-emotion-recognition/backend/dataset/raw/ravdess/Actor_05/03-01-05-01-01-02-05.wav,ravdess,05,angry,5,male,normal,speech,val
/Users/harshmac/Desktop/Emotion Recognition/speech-emotion-recognition/backend/dataset/raw/ravdess/Actor_05/03-01-06-01-01-01-05.wav,ravdess,06,fear,5,male,normal,speech,train
/Users/harshmac/Desktop/Emotion Recognition/speech-emotion-recognition/backend/dataset/raw/ravdess/Actor_05/03-01-08-01-02-02-05.wav,ravdess,08,surprise,5,male,normal,speech,train
/Users/harshmac/Desktop/Emotion Recognition/speech-emotion-recognition/backend/dataset/raw/ravdess/Actor_05/03-01-08-02-01-02-05.wav,ravdess,08,surprise,5,male,strong,speech,test
/Users/harshmac/Desktop/Emotion Recognition/speech-emotion-recognition/backend/dataset/raw/ravdess/Actor_05/03-01-01-01-01-01-05.wav,ravdess,01,neutral,5,male,normal,speech,train
/Users/harshmac/Desktop/Emotion Recognition/speech-emotion-recognition/backend/dataset/raw/ravdess/Actor_05/03-01-02-01-01-02-05.wav,ravdess,02,calm,5,male,normal,speech,train
/Users/harshmac/Desktop/Emotion Recognition/speech-emotion-recognition/backend/dataset/raw/ravdess/Actor_05/03-01-02-02-02-02-05.wav,ravdess,02,calm,5,male,strong,speech,train
/Users/harshmac/Desktop/Emotion Recognition/speech-emotion-recognition/backend/dataset/raw/ravdess/Actor_05/03-01-03-01-02-01-05.wav,ravdess,03,happy,5,male,normal,speech,test
/Users/harshmac/Desktop/Emotion Recognition/speech-emotion-recognition/backend/dataset/raw/ravdess/Actor_05/03-01-03-02-01-01-05.wav,ravdess,03,happy,5,male,strong,speech,train
/Users/harshmac/Desktop/Emotion Recognition/speech-emotion-recognition/backend/dataset/raw/ravdess/Actor_05/03-01-05-01-02-02-05.wav,ravdess,05,angry,5,male,normal,speech,train
/Users/harshmac/Desktop/Emotion Recognition/speech-emotion-recognition/backend/dataset/raw/ravdess/Actor_05/03-01-06-01-02-01-05.wav,ravdess,06,fear,5,male,normal,speech,val
/Users/harshmac/Desktop/Emotion Recognition/speech-emotion-recognition/backend/dataset/raw/ravdess/Actor_05/03-01-06-02-01-01-05.wav,ravdess,06,fear,5,male,strong,speech,val
/Users/harshmac/Desktop/Emotion Recognition/speech-emotion-recognition/backend/dataset/raw/ravdess/Actor_05/03-01-05-02-01-02-05.wav,ravdess,05,angry,5,male,strong,speech,train
/Users/harshmac/Desktop/Emotion Recognition/speech-emotion-recognition/backend/dataset/raw/ravdess/Actor_05/03-01-07-01-01-02-05.wav,ravdess,07,disgust,5,male,normal,speech,train
/Users/harshmac/Desktop/Emotion Recognition/speech-emotion-recognition/backend/dataset/raw/ravdess/Actor_05/03-01-04-01-01-01-05.wav,ravdess,04,sad,5,male,normal,speech,train
/Users/harshmac/Desktop/Emotion Recognition/speech-emotion-recognition/backend/dataset/raw/ravdess/Actor_05/03-01-04-02-02-01-05.wav,ravdess,04,sad,5,male,strong,speech,train
/Users/harshmac/Desktop/Emotion Recognition/speech-emotion-recognition/backend/dataset/raw/ravdess/Actor_05/03-01-07-02-02-02-05.wav,ravdess,07,disgust,5,male,strong,speech,test
/Users/harshmac/Desktop/Emotion Recognition/speech-emotion-recognition/backend/dataset/raw/ravdess/Actor_05/03-01-08-02-02-02-05.wav,ravdess,08,surprise,5,male,strong,speech,train
/Users/harshmac/Desktop/Emotion Recognition/speech-emotion-recognition/backend/dataset/raw/ravdess/Actor_05/03-01-08-01-01-02-05.wav,ravdess,08,surprise,5,male,normal,speech,train
/Users/harshmac/Desktop/Emotion Recognition/speech-emotion-recognition/backend/dataset/raw/ravdess/Actor_05/03-01-03-02-02-01-05.wav,ravdess,03,happy,5,male,strong,speech,val
/Users/harshmac/Desktop/Emotion Recognition/speech-emotion-recognition/backend/dataset/raw/ravdess/Actor_05/03-01-03-01-01-01-05.wav,ravdess,03,happy,5,male,normal,speech,train
/Users/harshmac/Desktop/Emotion Recognition/speech-emotion-recognition/backend/dataset/raw/ravdess/Actor_05/03-01-02-02-01-02-05.wav,ravdess,02,calm,5,male,strong,speech,train
/Users/harshmac/Desktop/Emotion Recognition/speech-emotion-recognition/backend/dataset/raw/ravdess/Actor_05/03-01-01-01-02-01-05.wav,ravdess,01,neutral,5,male,normal,speech,train
/Users/harshmac/Desktop/Emotion Recognition/speech-emotion-recognition/backend/dataset/raw/ravdess/Actor_05/03-01-02-01-02-02-05.wav,ravdess,02,calm,5,male,normal,speech,train
/Users/harshmac/Desktop/Emotion Recognition/speech-emotion-recognition/backend/dataset/raw/ravdess/Actor_05/03-01-03-02-01-02-05.wav,ravdess,03,happy,5,male,strong,speech,train
/Users/harshmac/Desktop/Emotion Recognition/speech-emotion-recognition/backend/dataset/raw/ravdess/Actor_05/03-01-03-01-02-02-05.wav,ravdess,03,happy,5,male,normal,speech,train
/Users/harshmac/Desktop/Emotion Recognition/speech-emotion-recognition/backend/dataset/raw/ravdess/Actor_05/03-01-02-02-02-01-05.wav,ravdess,02,calm,5,male,strong,speech,train
/Users/harshmac/Desktop/Emotion Recognition/speech-emotion-recognition/backend/dataset/raw/ravdess/Actor_05/03-01-02-01-01-01-05.wav,ravdess,02,calm,5,male,normal,speech,val
/Users/harshmac/Desktop/Emotion Recognition/speech-emotion-recognition/backend/dataset/raw/ravdess/Actor_05/03-01-01-01-01-02-05.wav,ravdess,01,neutral,5,male,normal,speech,train
/Users/harshmac/Desktop/Emotion Recognition/speech-emotion-recognition/backend/dataset/raw/ravdess/Actor_05/03-01-06-01-01-02-05.wav,ravdess,06,fear,5,male,normal,speech,train
/Users/harshmac/Desktop/Emotion Recognition/speech-emotion-recognition/backend/dataset/raw/ravdess/Actor_05/03-01-05-01-01-01-05.wav,ravdess,05,angry,5,male,normal,speech,train
/Users/harshmac/Desktop/Emotion Recognition/speech-emotion-recognition/backend/dataset/raw/ravdess/Actor_05/03-01-05-02-02-01-05.wav,ravdess,05,angry,5,male,strong,speech,train
/Users/harshmac/Desktop/Emotion Recognition/speech-emotion-recognition/backend/dataset/raw/ravdess/Actor_05/03-01-06-02-02-02-05.wav,ravdess,06,fear,5,male,strong,speech,train
/Users/harshmac/Desktop/Emotion Recognition/speech-emotion-recognition/backend/dataset/raw/ravdess/Actor_05/03-01-04-01-02-02-05.wav,ravdess,04,sad,5,male,normal,speech,train
/Users/harshmac/Desktop/Emotion Recognition/speech-emotion-recognition/backend/dataset/raw/ravdess/Actor_05/03-01-07-01-02-01-05.wav,ravdess,07,disgust,5,male,normal,speech,train
/Users/harshmac/Desktop/Emotion Recognition/speech-emotion-recognition/backend/dataset/raw/ravdess/Actor_05/03-01-07-02-01-01-05.wav,ravdess,07,disgust,5,male,strong,speech,train
/Users/harshmac/Desktop/Emotion Recognition/speech-emotion-recognition/backend/dataset/raw/ravdess/Actor_05/03-01-04-02-01-02-05.wav,ravdess,04,sad,5,male,strong,speech,train
/Users/harshmac/Desktop/Emotion Recognition/speech-emotion-recognition/backend/dataset/raw/ravdess/Actor_05/03-01-08-02-01-01-05.wav,ravdess,08,surprise,5,male,strong,speech,train
/Users/harshmac/Desktop/Emotion Recognition/speech-emotion-recognition/backend/dataset/raw/ravdess/Actor_05/03-01-08-01-02-01-05.wav,ravdess,08,surprise,5,male,normal,speech,test
/Users/harshmac/Desktop/Emotion Recognition/speech-emotion-recognition/backend/dataset/raw/ravdess/Actor_12/03-01-02-01-02-01-12.wav,ravdess,02,calm,12,female,normal,speech,train
/Users/harshmac/Desktop/Emotion Recognition/speech-emotion-recognition/backend/dataset/raw/ravdess/Actor_12/03-01-01-01-02-02-12.wav,ravdess,01,neutral,12,female,normal,speech,train
/Users/harshmac/Desktop/Emotion Recognition/speech-emotion-recognition/backend/dataset/raw/ravdess/Actor_12/03-01-02-02-01-01-12.wav,ravdess,02,calm,12,female,strong,speech,test
/Users/harshmac/Desktop/Emotion Recognition/speech-emotion-recognition/backend/dataset/raw/ravdess/Actor_12/03-01-03-01-01-02-12.wav,ravdess,03,happy,12,female,normal,speech,train
/Users/harshmac/Desktop/Emotion Recognition/speech-emotion-recognition/backend/dataset/raw/ravdess/Actor_12/03-01-03-02-02-02-12.wav,ravdess,03,happy,12,female,strong,speech,test
/Users/harshmac/Desktop/Emotion Recognition/speech-emotion-recognition/backend/dataset/raw/ravdess/Actor_12/03-01-08-01-01-01-12.wav,ravdess,08,surprise,12,female,normal,speech,test
/Users/harshmac/Desktop/Emotion Recognition/speech-emotion-recognition/backend/dataset/raw/ravdess/Actor_12/03-01-08-02-02-01-12.wav,ravdess,08,surprise,12,female,strong,speech,train
/Users/harshmac/Desktop/Emotion Recognition/speech-emotion-recognition/backend/dataset/raw/ravdess/Actor_12/03-01-07-02-02-01-12.wav,ravdess,07,disgust,12,female,strong,speech,val
/Users/harshmac/Desktop/Emotion Recognition/speech-emotion-recognition/backend/dataset/raw/ravdess/Actor_12/03-01-04-02-02-02-12.wav,ravdess,04,sad,12,female,strong,speech,test
/Users/harshmac/Desktop/Emotion Recognition/speech-emotion-recognition/backend/dataset/raw/ravdess/Actor_12/03-01-04-01-01-02-12.wav,ravdess,04,sad,12,female,normal,speech,train
/Users/harshmac/Desktop/Emotion Recognition/speech-emotion-recognition/backend/dataset/raw/ravdess/Actor_12/03-01-07-01-01-01-12.wav,ravdess,07,disgust,12,female,normal,speech,train
/Users/harshmac/Desktop/Emotion Recognition/speech-emotion-recognition/backend/dataset/raw/ravdess/Actor_12/03-01-05-02-01-01-12.wav,ravdess,05,angry,12,female,strong,speech,val
/Users/harshmac/Desktop/Emotion Recognition/speech-emotion-recognition/backend/dataset/raw/ravdess/Actor_12/03-01-06-02-01-02-12.wav,ravdess,06,fear,12,female,strong,speech,train
/Users/harshmac/Desktop/Emotion Recognition/speech-emotion-recognition/backend/dataset/raw/ravdess/Actor_12/03-01-06-01-02-02-12.wav,ravdess,06,fear,12,female,normal,speech,train
/Users/harshmac/Desktop/Emotion Recognition/speech-emotion-recognition/backend/dataset/raw/ravdess/Actor_12/03-01-05-01-02-01-12.wav,ravdess,05,angry,12,female,normal,speech,train
/Users/harshmac/Desktop/Emotion Recognition/speech-emotion-recognition/backend/dataset/raw/ravdess/Actor_12/03-01-08-01-02-02-12.wav,ravdess,08,surprise,12,female,normal,speech,train
/Users/harshmac/Desktop/Emotion Recognition/speech-emotion-recognition/backend/dataset/raw/ravdess/Actor_12/03-01-08-02-01-02-12.wav,ravdess,08,surprise,12,female,strong,speech,val
/Users/harshmac/Desktop/Emotion Recognition/speech-emotion-recognition/backend/dataset/raw/ravdess/Actor_12/03-01-04-02-01-01-12.wav,ravdess,04,sad,12,female,strong,speech,train
/Users/harshmac/Desktop/Emotion Recognition/speech-emotion-recognition/backend/dataset/raw/ravdess/Actor_12/03-01-07-02-01-02-12.wav,ravdess,07,disgust,12,female,strong,speech,test
/Users/harshmac/Desktop/Emotion Recognition/speech-emotion-recognition/backend/dataset/raw/ravdess/Actor_12/03-01-07-01-02-02-12.wav,ravdess,07,disgust,12,female,normal,speech,val
/Users/harshmac/Desktop/Emotion Recognition/speech-emotion-recognition/backend/dataset/raw/ravdess/Actor_12/03-01-04-01-02-01-12.wav,ravdess,04,sad,12,female,normal,speech,train
/Users/harshmac/Desktop/Emotion Recognition/speech-emotion-recognition/backend/dataset/raw/ravdess/Actor_12/03-01-06-02-02-01-12.wav,ravdess,06,fear,12,female,strong,speech,train
/Users/harshmac/Desktop/Emotion Recognition/speech-emotion-recognition/backend/dataset/raw/ravdess/Actor_12/03-01-05-02-02-02-12.wav,ravdess,05,angry,12,female,strong,speech,train
/Users/harshmac/Desktop/Emotion Recognition/speech-emotion-recognition/backend/dataset/raw/ravdess/Actor_12/03-01-05-01-01-02-12.wav,ravdess,05,angry,12,female,normal,speech,test
/Users/harshmac/Desktop/Emotion Recognition/speech-emotion-recognition/backend/dataset/raw/ravdess/Actor_12/03-01-06-01-01-01-12.wav,ravdess,06,fear,12,female,normal,speech,train
/Users/harshmac/Desktop/Emotion Recognition/speech-emotion-recognition/backend/dataset/raw/ravdess/Actor_12/03-01-01-01-01-01-12.wav,ravdess,01,neutral,12,female,normal,speech,test
/Users/harshmac/Desktop/Emotion Recognition/speech-emotion-recognition/backend/dataset/raw/ravdess/Actor_12/03-01-02-01-01-02-12.wav,ravdess,02,calm,12,female,normal,speech,val
/Users/harshmac/Desktop/Emotion Recognition/speech-emotion-recognition/backend/dataset/raw/ravdess/Actor_12/03-01-02-02-02-02-12.wav,ravdess,02,calm,12,female,strong,speech,train
/Users/harshmac/Desktop/Emotion Recognition/speech-emotion-recognition/backend/dataset/raw/ravdess/Actor_12/03-01-03-01-02-01-12.wav,ravdess,03,happy,12,female,normal,speech,train
/Users/harshmac/Desktop/Emotion Recognition/speech-emotion-recognition/backend/dataset/raw/ravdess/Actor_12/03-01-03-02-01-01-12.wav,ravdess,03,happy,12,female,strong,speech,train
/Users/harshmac/Desktop/Emotion Recognition/speech-emotion-recognition/backend/dataset/raw/ravdess/Actor_12/03-01-08-02-02-02-12.wav,ravdess,08,surprise,12,female,strong,speech,train
/Users/harshmac/Desktop/Emotion Recognition/speech-emotion-recognition/backend/dataset/raw/ravdess/Actor_12/03-01-08-01-01-02-12.wav,ravdess,08,surprise,12,female,normal,speech,train
/Users/harshmac/Desktop/Emotion Recognition/speech-emotion-recognition/backend/dataset/raw/ravdess/Actor_12/03-01-05-01-02-02-12.wav,ravdess,05,angry,12,female,normal,speech,train
/Users/harshmac/Desktop/Emotion Recognition/speech-emotion-recognition/backend/dataset/raw/ravdess/Actor_12/03-01-06-01-02-01-12.wav,ravdess,06,fear,12,female,normal,speech,val
/Users/harshmac/Desktop/Emotion Recognition/speech-emotion-recognition/backend/dataset/raw/ravdess/Actor_12/03-01-06-02-01-01-12.wav,ravdess,06,fear,12,female,strong,speech,train
/Users/harshmac/Desktop/Emotion Recognition/speech-emotion-recognition/backend/dataset/raw/ravdess/Actor_12/03-01-05-02-01-02-12.wav,ravdess,05,angry,12,female,strong,speech,train
/Users/harshmac/Desktop/Emotion Recognition/speech-emotion-recognition/backend/dataset/raw/ravdess/Actor_12/03-01-07-01-01-02-12.wav,ravdess,07,disgust,12,female,normal,speech,test
/Users/harshmac/Desktop/Emotion Recognition/speech-emotion-recognition/backend/dataset/raw/ravdess/Actor_12/03-01-04-01-01-01-12.wav,ravdess,04,sad,12,female,normal,speech,train
/Users/harshmac/Desktop/Emotion Recognition/speech-emotion-recognition/backend/dataset/raw/ravdess/Actor_12/03-01-04-02-02-01-12.wav,ravdess,04,sad,12,female,strong,speech,train
/Users/harshmac/Desktop/Emotion Recognition/speech-emotion-recognition/backend/dataset/raw/ravdess/Actor_12/03-01-07-02-02-02-12.wav,ravdess,07,disgust,12,female,strong,speech,train
/Users/harshmac/Desktop/Emotion Recognition/speech-emotion-recognition/backend/dataset/raw/ravdess/Actor_12/03-01-03-02-02-01-12.wav,ravdess,03,happy,12,female,strong,speech,val
/Users/harshmac/Desktop/Emotion Recognition/speech-emotion-recognition/backend/dataset/raw/ravdess/Actor_12/03-01-03-01-01-01-12.wav,ravdess,03,happy,12,female,normal,speech,train
/Users/harshmac/Desktop/Emotion Recognition/speech-emotion-recognition/backend/dataset/raw/ravdess/Actor_12/03-01-02-02-01-02-12.wav,ravdess,02,calm,12,female,strong,speech,test
/Users/harshmac/Desktop/Emotion Recognition/speech-emotion-recognition/backend/dataset/raw/ravdess/Actor_12/03-01-01-01-02-01-12.wav,ravdess,01,neutral,12,female,normal,speech,train
/Users/harshmac/Desktop/Emotion Recognition/speech-emotion-recognition/backend/dataset/raw/ravdess/Actor_12/03-01-02-01-02-02-12.wav,ravdess,02,calm,12,female,normal,speech,train
/Users/harshmac/Desktop/Emotion Recognition/speech-emotion-recognition/backend/dataset/raw/ravdess/Actor_12/03-01-03-02-01-02-12.wav,ravdess,03,happy,12,female,strong,speech,test
/Users/harshmac/Desktop/Emotion Recognition/speech-emotion-recognition/backend/dataset/raw/ravdess/Actor_12/03-01-03-01-02-02-12.wav,ravdess,03,happy,12,female,normal,speech,train
/Users/harshmac/Desktop/Emotion Recognition/speech-emotion-recognition/backend/dataset/raw/ravdess/Actor_12/03-01-02-02-02-01-12.wav,ravdess,02,calm,12,female,strong,speech,train
/Users/harshmac/Desktop/Emotion Recognition/speech-emotion-recognition/backend/dataset/raw/ravdess/Actor_12/03-01-02-01-01-01-12.wav,ravdess,02,calm,12,female,normal,speech,train
/Users/harshmac/Desktop/Emotion Recognition/speech-emotion-recognition/backend/dataset/raw/ravdess/Actor_12/03-01-01-01-01-02-12.wav,ravdess,01,neutral,12,female,normal,speech,val
/Users/harshmac/Desktop/Emotion Recognition/speech-emotion-recognition/backend/dataset/raw/ravdess/Actor_12/03-01-08-02-01-01-12.wav,ravdess,08,surprise,12,female,strong,speech,train
/Users/harshmac/Desktop/Emotion Recognition/speech-emotion-recognition/backend/dataset/raw/ravdess/Actor_12/03-01-08-01-02-01-12.wav,ravdess,08,surprise,12,female,normal,speech,train
/Users/harshmac/Desktop/Emotion Recognition/speech-emotion-recognition/backend/dataset/raw/ravdess/Actor_12/03-01-06-01-01-02-12.wav,ravdess,06,fear,12,female,normal,speech,train
/Users/harshmac/Desktop/Emotion Recognition/speech-emotion-recognition/backend/dataset/raw/ravdess/Actor_12/03-01-05-01-01-01-12.wav,ravdess,05,angry,12,female,normal,speech,test
/Users/harshmac/Desktop/Emotion Recognition/speech-emotion-recognition/backend/dataset/raw/ravdess/Actor_12/03-01-05-02-02-01-12.wav,ravdess,05,angry,12,female,strong,speech,test
/Users/harshmac/Desktop/Emotion Recognition/speech-emotion-recognition/backend/dataset/raw/ravdess/Actor_12/03-01-06-02-02-02-12.wav,ravdess,06,fear,12,female,strong,speech,val
/Users/harshmac/Desktop/Emotion Recognition/speech-emotion-recognition/backend/dataset/raw/ravdess/Actor_12/03-01-04-01-02-02-12.wav,ravdess,04,sad,12,female,normal,speech,train
/Users/harshmac/Desktop/Emotion Recognition/speech-emotion-recognition/backend/dataset/raw/ravdess/Actor_12/03-01-07-01-02-01-12.wav,ravdess,07,disgust,12,female,normal,speech,test
/Users/harshmac/Desktop/Emotion Recognition/speech-emotion-recognition/backend/dataset/raw/ravdess/Actor_12/03-01-07-02-01-01-12.wav,ravdess,07,disgust,12,female,strong,speech,val
/Users/harshmac/Desktop/Emotion Recognition/speech-emotion-recognition/backend/dataset/raw/ravdess/Actor_12/03-01-04-02-01-02-12.wav,ravdess,04,sad,12,female,strong,speech,train
/Users/harshmac/Desktop/Emotion Recognition/speech-emotion-recognition/backend/dataset/raw/ravdess/Actor_15/03-01-08-02-02-01-15.wav,ravdess,08,surprise,15,male,strong,speech,train
/Users/harshmac/Desktop/Emotion Recognition/speech-emotion-recognition/backend/dataset/raw/ravdess/Actor_15/03-01-08-01-01-01-15.wav,ravdess,08,surprise,15,male,normal,speech,train
/Users/harshmac/Desktop/Emotion Recognition/speech-emotion-recognition/backend/dataset/raw/ravdess/Actor_15/03-01-06-01-02-02-15.wav,ravdess,06,fear,15,male,normal,speech,train
/Users/harshmac/Desktop/Emotion Recognition/speech-emotion-recognition/backend/dataset/raw/ravdess/Actor_15/03-01-05-01-02-01-15.wav,ravdess,05,angry,15,male,normal,speech,val
/Users/harshmac/Desktop/Emotion Recognition/speech-emotion-recognition/backend/dataset/raw/ravdess/Actor_15/03-01-05-02-01-01-15.wav,ravdess,05,angry,15,male,strong,speech,val
/Users/harshmac/Desktop/Emotion Recognition/speech-emotion-recognition/backend/dataset/raw/ravdess/Actor_15/03-01-06-02-01-02-15.wav,ravdess,06,fear,15,male,strong,speech,val
/Users/harshmac/Desktop/Emotion Recognition/speech-emotion-recognition/backend/dataset/raw/ravdess/Actor_15/03-01-04-01-01-02-15.wav,ravdess,04,sad,15,male,normal,speech,val
/Users/harshmac/Desktop/Emotion Recognition/speech-emotion-recognition/backend/dataset/raw/ravdess/Actor_15/03-01-07-01-01-01-15.wav,ravdess,07,disgust,15,male,normal,speech,train
/Users/harshmac/Desktop/Emotion Recognition/speech-emotion-recognition/backend/dataset/raw/ravdess/Actor_15/03-01-07-02-02-01-15.wav,ravdess,07,disgust,15,male,strong,speech,train
/Users/harshmac/Desktop/Emotion Recognition/speech-emotion-recognition/backend/dataset/raw/ravdess/Actor_15/03-01-04-02-02-02-15.wav,ravdess,04,sad,15,male,strong,speech,train
/Users/harshmac/Desktop/Emotion Recognition/speech-emotion-recognition/backend/dataset/raw/ravdess/Actor_15/03-01-03-02-02-02-15.wav,ravdess,03,happy,15,male,strong,speech,train
/Users/harshmac/Desktop/Emotion Recognition/speech-emotion-recognition/backend/dataset/raw/ravdess/Actor_15/03-01-03-01-01-02-15.wav,ravdess,03,happy,15,male,normal,speech,test
/Users/harshmac/Desktop/Emotion Recognition/speech-emotion-recognition/backend/dataset/raw/ravdess/Actor_15/03-01-02-02-01-01-15.wav,ravdess,02,calm,15,male,strong,speech,train
/Users/harshmac/Desktop/Emotion Recognition/speech-emotion-recognition/backend/dataset/raw/ravdess/Actor_15/03-01-02-01-02-01-15.wav,ravdess,02,calm,15,male,normal,speech,train
/Users/harshmac/Desktop/Emotion Recognition/speech-emotion-recognition/backend/dataset/raw/ravdess/Actor_15/03-01-01-01-02-02-15.wav,ravdess,01,neutral,15,male,normal,speech,train
/Users/harshmac/Desktop/Emotion Recognition/speech-emotion-recognition/backend/dataset/raw/ravdess/Actor_15/03-01-03-02-01-01-15.wav,ravdess,03,happy,15,male,strong,speech,val
/Users/harshmac/Desktop/Emotion Recognition/speech-emotion-recognition/backend/dataset/raw/ravdess/Actor_15/03-01-03-01-02-01-15.wav,ravdess,03,happy,15,male,normal,speech,train
/Users/harshmac/Desktop/Emotion Recognition/speech-emotion-recognition/backend/dataset/raw/ravdess/Actor_15/03-01-02-02-02-02-15.wav,ravdess,02,calm,15,male,strong,speech,train
/Users/harshmac/Desktop/Emotion Recognition/speech-emotion-recognition/backend/dataset/raw/ravdess/Actor_15/03-01-01-01-01-01-15.wav,ravdess,01,neutral,15,male,normal,speech,val
/Users/harshmac/Desktop/Emotion Recognition/speech-emotion-recognition/backend/dataset/raw/ravdess/Actor_15/03-01-02-01-01-02-15.wav,ravdess,02,calm,15,male,normal,speech,val
/Users/harshmac/Desktop/Emotion Recognition/speech-emotion-recognition/backend/dataset/raw/ravdess/Actor_15/03-01-08-02-01-02-15.wav,ravdess,08,surprise,15,male,strong,speech,train
/Users/harshmac/Desktop/Emotion Recognition/speech-emotion-recognition/backend/dataset/raw/ravdess/Actor_15/03-01-08-01-02-02-15.wav,ravdess,08,surprise,15,male,normal,speech,val
/Users/harshmac/Desktop/Emotion Recognition/speech-emotion-recognition/backend/dataset/raw/ravdess/Actor_15/03-01-05-01-01-02-15.wav,ravdess,05,angry,15,male,normal,speech,val
/Users/harshmac/Desktop/Emotion Recognition/speech-emotion-recognition/backend/dataset/raw/ravdess/Actor_15/03-01-06-01-01-01-15.wav,ravdess,06,fear,15,male,normal,speech,train
/Users/harshmac/Desktop/Emotion Recognition/speech-emotion-recognition/backend/dataset/raw/ravdess/Actor_15/03-01-06-02-02-01-15.wav,ravdess,06,fear,15,male,strong,speech,train
/Users/harshmac/Desktop/Emotion Recognition/speech-emotion-recognition/backend/dataset/raw/ravdess/Actor_15/03-01-05-02-02-02-15.wav,ravdess,05,angry,15,male,strong,speech,test
/Users/harshmac/Desktop/Emotion Recognition/speech-emotion-recognition/backend/dataset/raw/ravdess/Actor_15/03-01-07-01-02-02-15.wav,ravdess,07,disgust,15,male,normal,speech,train
/Users/harshmac/Desktop/Emotion Recognition/speech-emotion-recognition/backend/dataset/raw/ravdess/Actor_15/03-01-04-01-02-01-15.wav,ravdess,04,sad,15,male,normal,speech,train
/Users/harshmac/Desktop/Emotion Recognition/speech-emotion-recognition/backend/dataset/raw/ravdess/Actor_15/03-01-04-02-01-01-15.wav,ravdess,04,sad,15,male,strong,speech,val
/Users/harshmac/Desktop/Emotion Recognition/speech-emotion-recognition/backend/dataset/raw/ravdess/Actor_15/03-01-07-02-01-02-15.wav,ravdess,07,disgust,15,male,strong,speech,test
/Users/harshmac/Desktop/Emotion Recognition/speech-emotion-recognition/backend/dataset/raw/ravdess/Actor_15/03-01-01-01-02-01-15.wav,ravdess,01,neutral,15,male,normal,speech,val
/Users/harshmac/Desktop/Emotion Recognition/speech-emotion-recognition/backend/dataset/raw/ravdess/Actor_15/03-01-02-01-02-02-15.wav,ravdess,02,calm,15,male,normal,speech,train
/Users/harshmac/Desktop/Emotion Recognition/speech-emotion-recognition/backend/dataset/raw/ravdess/Actor_15/03-01-02-02-01-02-15.wav,ravdess,02,calm,15,male,strong,speech,train
/Users/harshmac/Desktop/Emotion Recognition/speech-emotion-recognition/backend/dataset/raw/ravdess/Actor_15/03-01-03-01-01-01-15.wav,ravdess,03,happy,15,male,normal,speech,train
/Users/harshmac/Desktop/Emotion Recognition/speech-emotion-recognition/backend/dataset/raw/ravdess/Actor_15/03-01-03-02-02-01-15.wav,ravdess,03,happy,15,male,strong,speech,train
/Users/harshmac/Desktop/Emotion Recognition/speech-emotion-recognition/backend/dataset/raw/ravdess/Actor_15/03-01-08-01-01-02-15.wav,ravdess,08,surprise,15,male,normal,speech,train
/Users/harshmac/Desktop/Emotion Recognition/speech-emotion-recognition/backend/dataset/raw/ravdess/Actor_15/03-01-08-02-02-02-15.wav,ravdess,08,surprise,15,male,strong,speech,train
/Users/harshmac/Desktop/Emotion Recognition/speech-emotion-recognition/backend/dataset/raw/ravdess/Actor_15/03-01-04-02-02-01-15.wav,ravdess,04,sad,15,male,strong,speech,test
/Users/harshmac/Desktop/Emotion Recognition/speech-emotion-recognition/backend/dataset/raw/ravdess/Actor_15/03-01-07-02-02-02-15.wav,ravdess,07,disgust,15,male,strong,speech,test
/Users/harshmac/Desktop/Emotion Recognition/speech-emotion-recognition/backend/dataset/raw/ravdess/Actor_15/03-01-07-01-01-02-15.wav,ravdess,07,disgust,15,male,normal,speech,train
/Users/harshmac/Desktop/Emotion Recognition/speech-emotion-recognition/backend/dataset/raw/ravdess/Actor_15/03-01-04-01-01-01-15.wav,ravdess,04,sad,15,male,normal,speech,val
/Users/harshmac/Desktop/Emotion Recognition/speech-emotion-recognition/backend/dataset/raw/ravdess/Actor_15/03-01-06-02-01-01-15.wav,ravdess,06,fear,15,male,strong,speech,test
/Users/harshmac/Desktop/Emotion Recognition/speech-emotion-recognition/backend/dataset/raw/ravdess/Actor_15/03-01-05-02-01-02-15.wav,ravdess,05,angry,15,male,strong,speech,train
/Users/harshmac/Desktop/Emotion Recognition/speech-emotion-recognition/backend/dataset/raw/ravdess/Actor_15/03-01-05-01-02-02-15.wav,ravdess,05,angry,15,male,normal,speech,train
/Users/harshmac/Desktop/Emotion Recognition/speech-emotion-recognition/backend/dataset/raw/ravdess/Actor_15/03-01-06-01-02-01-15.wav,ravdess,06,fear,15,male,normal,speech,val
/Users/harshmac/Desktop/Emotion Recognition/speech-emotion-recognition/backend/dataset/raw/ravdess/Actor_15/03-01-08-01-02-01-15.wav,ravdess,08,surprise,15,male,normal,speech,train
/Users/harshmac/Desktop/Emotion Recognition/speech-emotion-recognition/backend/dataset/raw/ravdess/Actor_15/03-01-08-02-01-01-15.wav,ravdess,08,surprise,15,male,strong,speech,test
/Users/harshmac/Desktop/Emotion Recognition/speech-emotion-recognition/backend/dataset/raw/ravdess/Actor_15/03-01-07-02-01-01-15.wav,ravdess,07,disgust,15,male,strong,speech,train
/Users/harshmac/Desktop/Emotion Recognition/speech-emotion-recognition/backend/dataset/raw/ravdess/Actor_15/03-01-04-02-01-02-15.wav,ravdess,04,sad,15,male,strong,speech,train
/Users/harshmac/Desktop/Emotion Recognition/speech-emotion-recognition/backend/dataset/raw/ravdess/Actor_15/03-01-04-01-02-02-15.wav,ravdess,04,sad,15,male,normal,speech,val
/Users/harshmac/Desktop/Emotion Recognition/speech-emotion-recognition/backend/dataset/raw/ravdess/Actor_15/03-01-07-01-02-01-15.wav,ravdess,07,disgust,15,male,normal,speech,train
/Users/harshmac/Desktop/Emotion Recognition/speech-emotion-recognition/backend/dataset/raw/ravdess/Actor_15/03-01-05-02-02-01-15.wav,ravdess,05,angry,15,male,strong,speech,train
/Users/harshmac/Desktop/Emotion Recognition/speech-emotion-recognition/backend/dataset/raw/ravdess/Actor_15/03-01-06-02-02-02-15.wav,ravdess,06,fear,15,male,strong,speech,train
/Users/harshmac/Desktop/Emotion Recognition/speech-emotion-recognition/backend/dataset/raw/ravdess/Actor_15/03-01-06-01-01-02-15.wav,ravdess,06,fear,15,male,normal,speech,train
/Users/harshmac/Desktop/Emotion Recognition/speech-emotion-recognition/backend/dataset/raw/ravdess/Actor_15/03-01-05-01-01-01-15.wav,ravdess,05,angry,15,male,normal,speech,train
/Users/harshmac/Desktop/Emotion Recognition/speech-emotion-recognition/backend/dataset/raw/ravdess/Actor_15/03-01-02-01-01-01-15.wav,ravdess,02,calm,15,male,normal,speech,train
/Users/harshmac/Desktop/Emotion Recognition/speech-emotion-recognition/backend/dataset/raw/ravdess/Actor_15/03-01-01-01-01-02-15.wav,ravdess,01,neutral,15,male,normal,speech,val
/Users/harshmac/Desktop/Emotion Recognition/speech-emotion-recognition/backend/dataset/raw/ravdess/Actor_15/03-01-02-02-02-01-15.wav,ravdess,02,calm,15,male,strong,speech,val
/Users/harshmac/Desktop/Emotion Recognition/speech-emotion-recognition/backend/dataset/raw/ravdess/Actor_15/03-01-03-01-02-02-15.wav,ravdess,03,happy,15,male,normal,speech,train
/Users/harshmac/Desktop/Emotion Recognition/speech-emotion-recognition/backend/dataset/raw/ravdess/Actor_15/03-01-03-02-01-02-15.wav,ravdess,03,happy,15,male,strong,speech,train
/Users/harshmac/Desktop/Emotion Recognition/speech-emotion-recognition/backend/dataset/raw/ravdess/Actor_23/03-01-07-02-01-01-23.wav,ravdess,07,disgust,23,male,strong,speech,train
/Users/harshmac/Desktop/Emotion Recognition/speech-emotion-recognition/backend/dataset/raw/ravdess/Actor_23/03-01-04-02-01-02-23.wav,ravdess,04,sad,23,male,strong,speech,train
/Users/harshmac/Desktop/Emotion Recognition/speech-emotion-recognition/backend/dataset/raw/ravdess/Actor_23/03-01-04-01-02-02-23.wav,ravdess,04,sad,23,male,normal,speech,train
/Users/harshmac/Desktop/Emotion Recognition/speech-emotion-recognition/backend/dataset/raw/ravdess/Actor_23/03-01-07-01-02-01-23.wav,ravdess,07,disgust,23,male,normal,speech,train
/Users/harshmac/Desktop/Emotion Recognition/speech-emotion-recognition/backend/dataset/raw/ravdess/Actor_23/03-01-05-02-02-01-23.wav,ravdess,05,angry,23,male,strong,speech,train
/Users/harshmac/Desktop/Emotion Recognition/speech-emotion-recognition/backend/dataset/raw/ravdess/Actor_23/03-01-06-02-02-02-23.wav,ravdess,06,fear,23,male,strong,speech,train
/Users/harshmac/Desktop/Emotion Recognition/speech-emotion-recognition/backend/dataset/raw/ravdess/Actor_23/03-01-06-01-01-02-23.wav,ravdess,06,fear,23,male,normal,speech,val
/Users/harshmac/Desktop/Emotion Recognition/speech-emotion-recognition/backend/dataset/raw/ravdess/Actor_23/03-01-05-01-01-01-23.wav,ravdess,05,angry,23,male,normal,speech,train
/Users/harshmac/Desktop/Emotion Recognition/speech-emotion-recognition/backend/dataset/raw/ravdess/Actor_23/03-01-08-01-02-01-23.wav,ravdess,08,surprise,23,male,normal,speech,train
/Users/harshmac/Desktop/Emotion Recognition/speech-emotion-recognition/backend/dataset/raw/ravdess/Actor_23/03-01-08-02-01-01-23.wav,ravdess,08,surprise,23,male,strong,speech,train
/Users/harshmac/Desktop/Emotion Recognition/speech-emotion-recognition/backend/dataset/raw/ravdess/Actor_23/03-01-02-01-01-01-23.wav,ravdess,02,calm,23,male,normal,speech,test
/Users/harshmac/Desktop/Emotion Recognition/speech-emotion-recognition/backend/dataset/raw/ravdess/Actor_23/03-01-01-01-01-02-23.wav,ravdess,01,neutral,23,male,normal,speech,train
/Users/harshmac/Desktop/Emotion Recognition/speech-emotion-recognition/backend/dataset/raw/ravdess/Actor_23/03-01-02-02-02-01-23.wav,ravdess,02,calm,23,male,strong,speech,train
/Users/harshmac/Desktop/Emotion Recognition/speech-emotion-recognition/backend/dataset/raw/ravdess/Actor_23/03-01-03-01-02-02-23.wav,ravdess,03,happy,23,male,normal,speech,val
/Users/harshmac/Desktop/Emotion Recognition/speech-emotion-recognition/backend/dataset/raw/ravdess/Actor_23/03-01-03-02-01-02-23.wav,ravdess,03,happy,23,male,strong,speech,train
/Users/harshmac/Desktop/Emotion Recognition/speech-emotion-recognition/backend/dataset/raw/ravdess/Actor_23/03-01-01-01-02-01-23.wav,ravdess,01,neutral,23,male,normal,speech,train
/Users/harshmac/Desktop/Emotion Recognition/speech-emotion-recognition/backend/dataset/raw/ravdess/Actor_23/03-01-02-01-02-02-23.wav,ravdess,02,calm,23,male,normal,speech,train
/Users/harshmac/Desktop/Emotion Recognition/speech-emotion-recognition/backend/dataset/raw/ravdess/Actor_23/03-01-02-02-01-02-23.wav,ravdess,02,calm,23,male,strong,speech,test
/Users/harshmac/Desktop/Emotion Recognition/speech-emotion-recognition/backend/dataset/raw/ravdess/Actor_23/03-01-03-01-01-01-23.wav,ravdess,03,happy,23,male,normal,speech,train
/Users/harshmac/Desktop/Emotion Recognition/speech-emotion-recognition/backend/dataset/raw/ravdess/Actor_23/03-01-03-02-02-01-23.wav,ravdess,03,happy,23,male,strong,speech,train
/Users/harshmac/Desktop/Emotion Recognition/speech-emotion-recognition/backend/dataset/raw/ravdess/Actor_23/03-01-04-02-02-01-23.wav,ravdess,04,sad,23,male,strong,speech,train
/Users/harshmac/Desktop/Emotion Recognition/speech-emotion-recognition/backend/dataset/raw/ravdess/Actor_23/03-01-07-02-02-02-23.wav,ravdess,07,disgust,23,male,strong,speech,val
/Users/harshmac/Desktop/Emotion Recognition/speech-emotion-recognition/backend/dataset/raw/ravdess/Actor_23/03-01-07-01-01-02-23.wav,ravdess,07,disgust,23,male,normal,speech,test
/Users/harshmac/Desktop/Emotion Recognition/speech-emotion-recognition/backend/dataset/raw/ravdess/Actor_23/03-01-04-01-01-01-23.wav,ravdess,04,sad,23,male,normal,speech,train
/Users/harshmac/Desktop/Emotion Recognition/speech-emotion-recognition/backend/dataset/raw/ravdess/Actor_23/03-01-06-02-01-01-23.wav,ravdess,06,fear,23,male,strong,speech,train
/Users/harshmac/Desktop/Emotion Recognition/speech-emotion-recognition/backend/dataset/raw/ravdess/Actor_23/03-01-05-02-01-02-23.wav,ravdess,05,angry,23,male,strong,speech,val
/Users/harshmac/Desktop/Emotion Recognition/speech-emotion-recognition/backend/dataset/raw/ravdess/Actor_23/03-01-05-01-02-02-23.wav,ravdess,05,angry,23,male,normal,speech,train
/Users/harshmac/Desktop/Emotion Recognition/speech-emotion-recognition/backend/dataset/raw/ravdess/Actor_23/03-01-06-01-02-01-23.wav,ravdess,06,fear,23,male,normal,speech,train
/Users/harshmac/Desktop/Emotion Recognition/speech-emotion-recognition/backend/dataset/raw/ravdess/Actor_23/03-01-08-01-01-02-23.wav,ravdess,08,surprise,23,male,normal,speech,train
/Users/harshmac/Desktop/Emotion Recognition/speech-emotion-recognition/backend/dataset/raw/ravdess/Actor_23/03-01-08-02-02-02-23.wav,ravdess,08,surprise,23,male,strong,speech,train
/Users/harshmac/Desktop/Emotion Recognition/speech-emotion-recognition/backend/dataset/raw/ravdess/Actor_23/03-01-03-02-01-01-23.wav,ravdess,03,happy,23,male,strong,speech,train
/Users/harshmac/Desktop/Emotion Recognition/speech-emotion-recognition/backend/dataset/raw/ravdess/Actor_23/03-01-03-01-02-01-23.wav,ravdess,03,happy,23,male,normal,speech,train
/Users/harshmac/Desktop/Emotion Recognition/speech-emotion-recognition/backend/dataset/raw/ravdess/Actor_23/03-01-02-02-02-02-23.wav,ravdess,02,calm,23,male,strong,speech,train
/Users/harshmac/Desktop/Emotion Recognition/speech-emotion-recognition/backend/dataset/raw/ravdess/Actor_23/03-01-01-01-01-01-23.wav,ravdess,01,neutral,23,male,normal,speech,train
/Users/harshmac/Desktop/Emotion Recognition/speech-emotion-recognition/backend/dataset/raw/ravdess/Actor_23/03-01-02-01-01-02-23.wav,ravdess,02,calm,23,male,normal,speech,train
/Users/harshmac/Desktop/Emotion Recognition/speech-emotion-recognition/backend/dataset/raw/ravdess/Actor_23/03-01-05-01-01-02-23.wav,ravdess,05,angry,23,male,normal,speech,test
/Users/harshmac/Desktop/Emotion Recognition/speech-emotion-recognition/backend/dataset/raw/ravdess/Actor_23/03-01-06-01-01-01-23.wav,ravdess,06,fear,23,male,normal,speech,train
/Users/harshmac/Desktop/Emotion Recognition/speech-emotion-recognition/backend/dataset/raw/ravdess/Actor_23/03-01-06-02-02-01-23.wav,ravdess,06,fear,23,male,strong,speech,train
/Users/harshmac/Desktop/Emotion Recognition/speech-emotion-recognition/backend/dataset/raw/ravdess/Actor_23/03-01-05-02-02-02-23.wav,ravdess,05,angry,23,male,strong,speech,val
/Users/harshmac/Desktop/Emotion Recognition/speech-emotion-recognition/backend/dataset/raw/ravdess/Actor_23/03-01-07-01-02-02-23.wav,ravdess,07,disgust,23,male,normal,speech,train
/Users/harshmac/Desktop/Emotion Recognition/speech-emotion-recognition/backend/dataset/raw/ravdess/Actor_23/03-01-04-01-02-01-23.wav,ravdess,04,sad,23,male,normal,speech,train
/Users/harshmac/Desktop/Emotion Recognition/speech-emotion-recognition/backend/dataset/raw/ravdess/Actor_23/03-01-04-02-01-01-23.wav,ravdess,04,sad,23,male,strong,speech,test
/Users/harshmac/Desktop/Emotion Recognition/speech-emotion-recognition/backend/dataset/raw/ravdess/Actor_23/03-01-07-02-01-02-23.wav,ravdess,07,disgust,23,male,strong,speech,train
/Users/harshmac/Desktop/Emotion Recognition/speech-emotion-recognition/backend/dataset/raw/ravdess/Actor_23/03-01-08-02-01-02-23.wav,ravdess,08,surprise,23,male,strong,speech,train
/Users/harshmac/Desktop/Emotion Recognition/speech-emotion-recognition/backend/dataset/raw/ravdess/Actor_23/03-01-08-01-02-02-23.wav,ravdess,08,surprise,23,male,normal,speech,val
/Users/harshmac/Desktop/Emotion Recognition/speech-emotion-recognition/backend/dataset/raw/ravdess/Actor_23/03-01-06-01-02-02-23.wav,ravdess,06,fear,23,male,normal,speech,train
/Users/harshmac/Desktop/Emotion Recognition/speech-emotion-recognition/backend/dataset/raw/ravdess/Actor_23/03-01-05-01-02-01-23.wav,ravdess,05,angry,23,male,normal,speech,train
/Users/harshmac/Desktop/Emotion Recognition/speech-emotion-recognition/backend/dataset/raw/ravdess/Actor_23/03-01-05-02-01-01-23.wav,ravdess,05,angry,23,male,strong,speech,val
/Users/harshmac/Desktop/Emotion Recognition/speech-emotion-recognition/backend/dataset/raw/ravdess/Actor_23/03-01-06-02-01-02-23.wav,ravdess,06,fear,23,male,strong,speech,train
/Users/harshmac/Desktop/Emotion Recognition/speech-emotion-recognition/backend/dataset/raw/ravdess/Actor_23/03-01-04-01-01-02-23.wav,ravdess,04,sad,23,male,normal,speech,train
/Users/harshmac/Desktop/Emotion Recognition/speech-emotion-recognition/backend/dataset/raw/ravdess/Actor_23/03-01-07-01-01-01-23.wav,ravdess,07,disgust,23,male,normal,speech,train
/Users/harshmac/Desktop/Emotion Recognition/speech-emotion-recognition/backend/dataset/raw/ravdess/Actor_23/03-01-07-02-02-01-23.wav,ravdess,07,disgust,23,male,strong,speech,train
/Users/harshmac/Desktop/Emotion Recognition/speech-emotion-recognition/backend/dataset/raw/ravdess/Actor_23/03-01-04-02-02-02-23.wav,ravdess,04,sad,23,male,strong,speech,train
/Users/harshmac/Desktop/Emotion Recognition/speech-emotion-recognition/backend/dataset/raw/ravdess/Actor_23/03-01-08-02-02-01-23.wav,ravdess,08,surprise,23,male,strong,speech,train
/Users/harshmac/Desktop/Emotion Recognition/speech-emotion-recognition/backend/dataset/raw/ravdess/Actor_23/03-01-08-01-01-01-23.wav,ravdess,08,surprise,23,male,normal,speech,test
/Users/harshmac/Desktop/Emotion Recognition/speech-emotion-recognition/backend/dataset/raw/ravdess/Actor_23/03-01-03-02-02-02-23.wav,ravdess,03,happy,23,male,strong,speech,train
/Users/harshmac/Desktop/Emotion Recognition/speech-emotion-recognition/backend/dataset/raw/ravdess/Actor_23/03-01-03-01-01-02-23.wav,ravdess,03,happy,23,male,normal,speech,train
/Users/harshmac/Desktop/Emotion Recognition/speech-emotion-recognition/backend/dataset/raw/ravdess/Actor_23/03-01-02-02-01-01-23.wav,ravdess,02,calm,23,male,strong,speech,train
/Users/harshmac/Desktop/Emotion Recognition/speech-emotion-recognition/backend/dataset/raw/ravdess/Actor_23/03-01-02-01-02-01-23.wav,ravdess,02,calm,23,male,normal,speech,train
/Users/harshmac/Desktop/Emotion Recognition/speech-emotion-recognition/backend/dataset/raw/ravdess/Actor_23/03-01-01-01-02-02-23.wav,ravdess,01,neutral,23,male,normal,speech,train
/Users/harshmac/Desktop/Emotion Recognition/speech-emotion-recognition/backend/dataset/raw/ravdess/Actor_24/03-01-03-02-01-02-24.wav,ravdess,03,happy,24,female,strong,speech,train
/Users/harshmac/Desktop/Emotion Recognition/speech-emotion-recognition/backend/dataset/raw/ravdess/Actor_24/03-01-03-01-02-02-24.wav,ravdess,03,happy,24,female,normal,speech,train
/Users/harshmac/Desktop/Emotion Recognition/speech-emotion-recognition/backend/dataset/raw/ravdess/Actor_24/03-01-02-02-02-01-24.wav,ravdess,02,calm,24,female,strong,speech,train
/Users/harshmac/Desktop/Emotion Recognition/speech-emotion-recognition/backend/dataset/raw/ravdess/Actor_24/03-01-02-01-01-01-24.wav,ravdess,02,calm,24,female,normal,speech,train
/Users/harshmac/Desktop/Emotion Recognition/speech-emotion-recognition/backend/dataset/raw/ravdess/Actor_24/03-01-01-01-01-02-24.wav,ravdess,01,neutral,24,female,normal,speech,train
/Users/harshmac/Desktop/Emotion Recognition/speech-emotion-recognition/backend/dataset/raw/ravdess/Actor_24/03-01-06-01-01-02-24.wav,ravdess,06,fear,24,female,normal,speech,train
/Users/harshmac/Desktop/Emotion Recognition/speech-emotion-recognition/backend/dataset/raw/ravdess/Actor_24/03-01-05-01-01-01-24.wav,ravdess,05,angry,24,female,normal,speech,val
/Users/harshmac/Desktop/Emotion Recognition/speech-emotion-recognition/backend/dataset/raw/ravdess/Actor_24/03-01-05-02-02-01-24.wav,ravdess,05,angry,24,female,strong,speech,test
/Users/harshmac/Desktop/Emotion Recognition/speech-emotion-recognition/backend/dataset/raw/ravdess/Actor_24/03-01-06-02-02-02-24.wav,ravdess,06,fear,24,female,strong,speech,test
/Users/harshmac/Desktop/Emotion Recognition/speech-emotion-recognition/backend/dataset/raw/ravdess/Actor_24/03-01-04-01-02-02-24.wav,ravdess,04,sad,24,female,normal,speech,train
/Users/harshmac/Desktop/Emotion Recognition/speech-emotion-recognition/backend/dataset/raw/ravdess/Actor_24/03-01-07-01-02-01-24.wav,ravdess,07,disgust,24,female,normal,speech,train
/Users/harshmac/Desktop/Emotion Recognition/speech-emotion-recognition/backend/dataset/raw/ravdess/Actor_24/03-01-07-02-01-01-24.wav,ravdess,07,disgust,24,female,strong,speech,train
/Users/harshmac/Desktop/Emotion Recognition/speech-emotion-recognition/backend/dataset/raw/ravdess/Actor_24/03-01-04-02-01-02-24.wav,ravdess,04,sad,24,female,strong,speech,train
/Users/harshmac/Desktop/Emotion Recognition/speech-emotion-recognition/backend/dataset/raw/ravdess/Actor_24/03-01-08-02-01-01-24.wav,ravdess,08,surprise,24,female,strong,speech,train
/Users/harshmac/Desktop/Emotion Recognition/speech-emotion-recognition/backend/dataset/raw/ravdess/Actor_24/03-01-08-01-02-01-24.wav,ravdess,08,surprise,24,female,normal,speech,train
/Users/harshmac/Desktop/Emotion Recognition/speech-emotion-recognition/backend/dataset/raw/ravdess/Actor_24/03-01-05-01-02-02-24.wav,ravdess,05,angry,24,female,normal,speech,train
/Users/harshmac/Desktop/Emotion Recognition/speech-emotion-recognition/backend/dataset/raw/ravdess/Actor_24/03-01-06-01-02-01-24.wav,ravdess,06,fear,24,female,normal,speech,test
/Users/harshmac/Desktop/Emotion Recognition/speech-emotion-recognition/backend/dataset/raw/ravdess/Actor_24/03-01-06-02-01-01-24.wav,ravdess,06,fear,24,female,strong,speech,train
/Users/harshmac/Desktop/Emotion Recognition/speech-emotion-recognition/backend/dataset/raw/ravdess/Actor_24/03-01-05-02-01-02-24.wav,ravdess,05,angry,24,female,strong,speech,val
/Users/harshmac/Desktop/Emotion Recognition/speech-emotion-recognition/backend/dataset/raw/ravdess/Actor_24/03-01-07-01-01-02-24.wav,ravdess,07,disgust,24,female,normal,speech,train
/Users/harshmac/Desktop/Emotion Recognition/speech-emotion-recognition/backend/dataset/raw/ravdess/Actor_24/03-01-04-01-01-01-24.wav,ravdess,04,sad,24,female,normal,speech,test
/Users/harshmac/Desktop/Emotion Recognition/speech-emotion-recognition/backend/dataset/raw/ravdess/Actor_24/03-01-04-02-02-01-24.wav,ravdess,04,sad,24,female,strong,speech,train
/Users/harshmac/Desktop/Emotion Recognition/speech-emotion-recognition/backend/dataset/raw/ravdess/Actor_24/03-01-07-02-02-02-24.wav,ravdess,07,disgust,24,female,strong,speech,train
/Users/harshmac/Desktop/Emotion Recognition/speech-emotion-recognition/backend/dataset/raw/ravdess/Actor_24/03-01-08-02-02-02-24.wav,ravdess,08,surprise,24,female,strong,speech,train
/Users/harshmac/Desktop/Emotion Recognition/speech-emotion-recognition/backend/dataset/raw/ravdess/Actor_24/03-01-08-01-01-02-24.wav,ravdess,08,surprise,24,female,normal,speech,train
/Users/harshmac/Desktop/Emotion Recognition/speech-emotion-recognition/backend/dataset/raw/ravdess/Actor_24/03-01-03-02-02-01-24.wav,ravdess,03,happy,24,female,strong,speech,train
/Users/harshmac/Desktop/Emotion Recognition/speech-emotion-recognition/backend/dataset/raw/ravdess/Actor_24/03-01-03-01-01-01-24.wav,ravdess,03,happy,24,female,normal,speech,val
/Users/harshmac/Desktop/Emotion Recognition/speech-emotion-recognition/backend/dataset/raw/ravdess/Actor_24/03-01-02-02-01-02-24.wav,ravdess,02,calm,24,female,strong,speech,test
/Users/harshmac/Desktop/Emotion Recognition/speech-emotion-recognition/backend/dataset/raw/ravdess/Actor_24/03-01-01-01-02-01-24.wav,ravdess,01,neutral,24,female,normal,speech,train
/Users/harshmac/Desktop/Emotion Recognition/speech-emotion-recognition/backend/dataset/raw/ravdess/Actor_24/03-01-02-01-02-02-24.wav,ravdess,02,calm,24,female,normal,speech,train
/Users/harshmac/Desktop/Emotion Recognition/speech-emotion-recognition/backend/dataset/raw/ravdess/Actor_24/03-01-04-02-01-01-24.wav,ravdess,04,sad,24,female,strong,speech,train
/Users/harshmac/Desktop/Emotion Recognition/speech-emotion-recognition/backend/dataset/raw/ravdess/Actor_24/03-01-07-02-01-02-24.wav,ravdess,07,disgust,24,female,strong,speech,test
/Users/harshmac/Desktop/Emotion Recognition/speech-emotion-recognition/backend/dataset/raw/ravdess/Actor_24/03-01-07-01-02-02-24.wav,ravdess,07,disgust,24,female,normal,speech,train
/Users/harshmac/Desktop/Emotion Recognition/speech-emotion-recognition/backend/dataset/raw/ravdess/Actor_24/03-01-04-01-02-01-24.wav,ravdess,04,sad,24,female,normal,speech,train
/Users/harshmac/Desktop/Emotion Recognition/speech-emotion-recognition/backend/dataset/raw/ravdess/Actor_24/03-01-06-02-02-01-24.wav,ravdess,06,fear,24,female,strong,speech,train
/Users/harshmac/Desktop/Emotion Recognition/speech-emotion-recognition/backend/dataset/raw/ravdess/Actor_24/03-01-05-02-02-02-24.wav,ravdess,05,angry,24,female,strong,speech,train
/Users/harshmac/Desktop/Emotion Recognition/speech-emotion-recognition/backend/dataset/raw/ravdess/Actor_24/03-01-05-01-01-02-24.wav,ravdess,05,angry,24,female,normal,speech,train
/Users/harshmac/Desktop/Emotion Recognition/speech-emotion-recognition/backend/dataset/raw/ravdess/Actor_24/03-01-06-01-01-01-24.wav,ravdess,06,fear,24,female,normal,speech,train
/Users/harshmac/Desktop/Emotion Recognition/speech-emotion-recognition/backend/dataset/raw/ravdess/Actor_24/03-01-08-01-02-02-24.wav,ravdess,08,surprise,24,female,normal,speech,test
/Users/harshmac/Desktop/Emotion Recognition/speech-emotion-recognition/backend/dataset/raw/ravdess/Actor_24/03-01-08-02-01-02-24.wav,ravdess,08,surprise,24,female,strong,speech,train
/Users/harshmac/Desktop/Emotion Recognition/speech-emotion-recognition/backend/dataset/raw/ravdess/Actor_24/03-01-01-01-01-01-24.wav,ravdess,01,neutral,24,female,normal,speech,train
/Users/harshmac/Desktop/Emotion Recognition/speech-emotion-recognition/backend/dataset/raw/ravdess/Actor_24/03-01-02-01-01-02-24.wav,ravdess,02,calm,24,female,normal,speech,train
/Users/harshmac/Desktop/Emotion Recognition/speech-emotion-recognition/backend/dataset/raw/ravdess/Actor_24/03-01-02-02-02-02-24.wav,ravdess,02,calm,24,female,strong,speech,test
/Users/harshmac/Desktop/Emotion Recognition/speech-emotion-recognition/backend/dataset/raw/ravdess/Actor_24/03-01-03-01-02-01-24.wav,ravdess,03,happy,24,female,normal,speech,val
/Users/harshmac/Desktop/Emotion Recognition/speech-emotion-recognition/backend/dataset/raw/ravdess/Actor_24/03-01-03-02-01-01-24.wav,ravdess,03,happy,24,female,strong,speech,train
/Users/harshmac/Desktop/Emotion Recognition/speech-emotion-recognition/backend/dataset/raw/ravdess/Actor_24/03-01-02-01-02-01-24.wav,ravdess,02,calm,24,female,normal,speech,train
/Users/harshmac/Desktop/Emotion Recognition/speech-emotion-recognition/backend/dataset/raw/ravdess/Actor_24/03-01-01-01-02-02-24.wav,ravdess,01,neutral,24,female,normal,speech,test
/Users/harshmac/Desktop/Emotion Recognition/speech-emotion-recognition/backend/dataset/raw/ravdess/Actor_24/03-01-02-02-01-01-24.wav,ravdess,02,calm,24,female,strong,speech,val
/Users/harshmac/Desktop/Emotion Recognition/speech-emotion-recognition/backend/dataset/raw/ravdess/Actor_24/03-01-03-01-01-02-24.wav,ravdess,03,happy,24,female,normal,speech,train
/Users/harshmac/Desktop/Emotion Recognition/speech-emotion-recognition/backend/dataset/raw/ravdess/Actor_24/03-01-03-02-02-02-24.wav,ravdess,03,happy,24,female,strong,speech,train
/Users/harshmac/Desktop/Emotion Recognition/speech-emotion-recognition/backend/dataset/raw/ravdess/Actor_24/03-01-07-02-02-01-24.wav,ravdess,07,disgust,24,female,strong,speech,train
/Users/harshmac/Desktop/Emotion Recognition/speech-emotion-recognition/backend/dataset/raw/ravdess/Actor_24/03-01-04-02-02-02-24.wav,ravdess,04,sad,24,female,strong,speech,train
/Users/harshmac/Desktop/Emotion Recognition/speech-emotion-recognition/backend/dataset/raw/ravdess/Actor_24/03-01-04-01-01-02-24.wav,ravdess,04,sad,24,female,normal,speech,train
/Users/harshmac/Desktop/Emotion Recognition/speech-emotion-recognition/backend/dataset/raw/ravdess/Actor_24/03-01-07-01-01-01-24.wav,ravdess,07,disgust,24,female,normal,speech,train
/Users/harshmac/Desktop/Emotion Recognition/speech-emotion-recognition/backend/dataset/raw/ravdess/Actor_24/03-01-05-02-01-01-24.wav,ravdess,05,angry,24,female,strong,speech,train
/Users/harshmac/Desktop/Emotion Recognition/speech-emotion-recognition/backend/dataset/raw/ravdess/Actor_24/03-01-06-02-01-02-24.wav,ravdess,06,fear,24,female,strong,speech,train
/Users/harshmac/Desktop/Emotion Recognition/speech-emotion-recognition/backend/dataset/raw/ravdess/Actor_24/03-01-06-01-02-02-24.wav,ravdess,06,fear,24,female,normal,speech,val
/Users/harshmac/Desktop/Emotion Recognition/speech-emotion-recognition/backend/dataset/raw/ravdess/Actor_24/03-01-05-01-02-01-24.wav,ravdess,05,angry,24,female,normal,speech,train
/Users/harshmac/Desktop/Emotion Recognition/speech-emotion-recognition/backend/dataset/raw/ravdess/Actor_24/03-01-08-01-01-01-24.wav,ravdess,08,surprise,24,female,normal,speech,train
/Users/harshmac/Desktop/Emotion Recognition/speech-emotion-recognition/backend/dataset/raw/ravdess/Actor_24/03-01-08-02-02-01-24.wav,ravdess,08,surprise,24,female,strong,speech,train
/Users/harshmac/Desktop/Emotion Recognition/speech-emotion-recognition/backend/dataset/raw/ravdess/Actor_22/03-01-05-01-01-01-22.wav,ravdess,05,angry,22,female,normal,speech,train
/Users/harshmac/Desktop/Emotion Recognition/speech-emotion-recognition/backend/dataset/raw/ravdess/Actor_22/03-01-06-01-01-02-22.wav,ravdess,06,fear,22,female,normal,speech,train
/Users/harshmac/Desktop/Emotion Recognition/speech-emotion-recognition/backend/dataset/raw/ravdess/Actor_22/03-01-06-02-02-02-22.wav,ravdess,06,fear,22,female,strong,speech,train
/Users/harshmac/Desktop/Emotion Recognition/speech-emotion-recognition/backend/dataset/raw/ravdess/Actor_22/03-01-05-02-02-01-22.wav,ravdess,05,angry,22,female,strong,speech,test
/Users/harshmac/Desktop/Emotion Recognition/speech-emotion-recognition/backend/dataset/raw/ravdess/Actor_22/03-01-07-01-02-01-22.wav,ravdess,07,disgust,22,female,normal,speech,train
/Users/harshmac/Desktop/Emotion Recognition/speech-emotion-recognition/backend/dataset/raw/ravdess/Actor_22/03-01-04-01-02-02-22.wav,ravdess,04,sad,22,female,normal,speech,train
/Users/harshmac/Desktop/Emotion Recognition/speech-emotion-recognition/backend/dataset/raw/ravdess/Actor_22/03-01-04-02-01-02-22.wav,ravdess,04,sad,22,female,strong,speech,train
/Users/harshmac/Desktop/Emotion Recognition/speech-emotion-recognition/backend/dataset/raw/ravdess/Actor_22/03-01-07-02-01-01-22.wav,ravdess,07,disgust,22,female,strong,speech,train
/Users/harshmac/Desktop/Emotion Recognition/speech-emotion-recognition/backend/dataset/raw/ravdess/Actor_22/03-01-08-02-01-01-22.wav,ravdess,08,surprise,22,female,strong,speech,train
/Users/harshmac/Desktop/Emotion Recognition/speech-emotion-recognition/backend/dataset/raw/ravdess/Actor_22/03-01-08-01-02-01-22.wav,ravdess,08,surprise,22,female,normal,speech,train
/Users/harshmac/Desktop/Emotion Recognition/speech-emotion-recognition/backend/dataset/raw/ravdess/Actor_22/03-01-03-02-01-02-22.wav,ravdess,03,happy,22,female,strong,speech,train
/Users/harshmac/Desktop/Emotion Recognition/speech-emotion-recognition/backend/dataset/raw/ravdess/Actor_22/03-01-03-01-02-02-22.wav,ravdess,03,happy,22,female,normal,speech,val
/Users/harshmac/Desktop/Emotion Recognition/speech-emotion-recognition/backend/dataset/raw/ravdess/Actor_22/03-01-02-02-02-01-22.wav,ravdess,02,calm,22,female,strong,speech,test
/Users/harshmac/Desktop/Emotion Recognition/speech-emotion-recognition/backend/dataset/raw/ravdess/Actor_22/03-01-01-01-01-02-22.wav,ravdess,01,neutral,22,female,normal,speech,val
/Users/harshmac/Desktop/Emotion Recognition/speech-emotion-recognition/backend/dataset/raw/ravdess/Actor_22/03-01-02-01-01-01-22.wav,ravdess,02,calm,22,female,normal,speech,test
/Users/harshmac/Desktop/Emotion Recognition/speech-emotion-recognition/backend/dataset/raw/ravdess/Actor_22/03-01-03-02-02-01-22.wav,ravdess,03,happy,22,female,strong,speech,train
/Users/harshmac/Desktop/Emotion Recognition/speech-emotion-recognition/backend/dataset/raw/ravdess/Actor_22/03-01-03-01-01-01-22.wav,ravdess,03,happy,22,female,normal,speech,test
/Users/harshmac/Desktop/Emotion Recognition/speech-emotion-recognition/backend/dataset/raw/ravdess/Actor_22/03-01-02-02-01-02-22.wav,ravdess,02,calm,22,female,strong,speech,test
/Users/harshmac/Desktop/Emotion Recognition/speech-emotion-recognition/backend/dataset/raw/ravdess/Actor_22/03-01-02-01-02-02-22.wav,ravdess,02,calm,22,female,normal,speech,train
/Users/harshmac/Desktop/Emotion Recognition/speech-emotion-recognition/backend/dataset/raw/ravdess/Actor_22/03-01-01-01-02-01-22.wav,ravdess,01,neutral,22,female,normal,speech,val
/Users/harshmac/Desktop/Emotion Recognition/speech-emotion-recognition/backend/dataset/raw/ravdess/Actor_22/03-01-06-01-02-01-22.wav,ravdess,06,fear,22,female,normal,speech,train
/Users/harshmac/Desktop/Emotion Recognition/speech-emotion-recognition/backend/dataset/raw/ravdess/Actor_22/03-01-05-01-02-02-22.wav,ravdess,05,angry,22,female,normal,speech,test
/Users/harshmac/Desktop/Emotion Recognition/speech-emotion-recognition/backend/dataset/raw/ravdess/Actor_22/03-01-05-02-01-02-22.wav,ravdess,05,angry,22,female,strong,speech,train
/Users/harshmac/Desktop/Emotion Recognition/speech-emotion-recognition/backend/dataset/raw/ravdess/Actor_22/03-01-06-02-01-01-22.wav,ravdess,06,fear,22,female,strong,speech,val
/Users/harshmac/Desktop/Emotion Recognition/speech-emotion-recognition/backend/dataset/raw/ravdess/Actor_22/03-01-04-01-01-01-22.wav,ravdess,04,sad,22,female,normal,speech,train
/Users/harshmac/Desktop/Emotion Recognition/speech-emotion-recognition/backend/dataset/raw/ravdess/Actor_22/03-01-07-01-01-02-22.wav,ravdess,07,disgust,22,female,normal,speech,val
/Users/harshmac/Desktop/Emotion Recognition/speech-emotion-recognition/backend/dataset/raw/ravdess/Actor_22/03-01-07-02-02-02-22.wav,ravdess,07,disgust,22,female,strong,speech,train
/Users/harshmac/Desktop/Emotion Recognition/speech-emotion-recognition/backend/dataset/raw/ravdess/Actor_22/03-01-04-02-02-01-22.wav,ravdess,04,sad,22,female,strong,speech,val
/Users/harshmac/Desktop/Emotion Recognition/speech-emotion-recognition/backend/dataset/raw/ravdess/Actor_22/03-01-08-02-02-02-22.wav,ravdess,08,surprise,22,female,strong,speech,train
/Users/harshmac/Desktop/Emotion Recognition/speech-emotion-recognition/backend/dataset/raw/ravdess/Actor_22/03-01-08-01-01-02-22.wav,ravdess,08,surprise,22,female,normal,speech,train
/Users/harshmac/Desktop/Emotion Recognition/speech-emotion-recognition/backend/dataset/raw/ravdess/Actor_22/03-01-02-01-01-02-22.wav,ravdess,02,calm,22,female,normal,speech,train
/Users/harshmac/Desktop/Emotion Recognition/speech-emotion-recognition/backend/dataset/raw/ravdess/Actor_22/03-01-01-01-01-01-22.wav,ravdess,01,neutral,22,female,normal,speech,train
/Users/harshmac/Desktop/Emotion Recognition/speech-emotion-recognition/backend/dataset/raw/ravdess/Actor_22/03-01-02-02-02-02-22.wav,ravdess,02,calm,22,female,strong,speech,train
/Users/harshmac/Desktop/Emotion Recognition/speech-emotion-recognition/backend/dataset/raw/ravdess/Actor_22/03-01-03-01-02-01-22.wav,ravdess,03,happy,22,female,normal,speech,test
/Users/harshmac/Desktop/Emotion Recognition/speech-emotion-recognition/backend/dataset/raw/ravdess/Actor_22/03-01-03-02-01-01-22.wav,ravdess,03,happy,22,female,strong,speech,val
/Users/harshmac/Desktop/Emotion Recognition/speech-emotion-recognition/backend/dataset/raw/ravdess/Actor_22/03-01-07-02-01-02-22.wav,ravdess,07,disgust,22,female,strong,speech,train
/Users/harshmac/Desktop/Emotion Recognition/speech-emotion-recognition/backend/dataset/raw/ravdess/Actor_22/03-01-04-02-01-01-22.wav,ravdess,04,sad,22,female,strong,speech,train
/Users/harshmac/Desktop/Emotion Recognition/speech-emotion-recognition/backend/dataset/raw/ravdess/Actor_22/03-01-04-01-02-01-22.wav,ravdess,04,sad,22,female,normal,speech,train
/Users/harshmac/Desktop/Emotion Recognition/speech-emotion-recognition/backend/dataset/raw/ravdess/Actor_22/03-01-07-01-02-02-22.wav,ravdess,07,disgust,22,female,normal,speech,train
/Users/harshmac/Desktop/Emotion Recognition/speech-emotion-recognition/backend/dataset/raw/ravdess/Actor_22/03-01-05-02-02-02-22.wav,ravdess,05,angry,22,female,strong,speech,train
/Users/harshmac/Desktop/Emotion Recognition/speech-emotion-recognition/backend/dataset/raw/ravdess/Actor_22/03-01-06-02-02-01-22.wav,ravdess,06,fear,22,female,strong,speech,test
/Users/harshmac/Desktop/Emotion Recognition/speech-emotion-recognition/backend/dataset/raw/ravdess/Actor_22/03-01-06-01-01-01-22.wav,ravdess,06,fear,22,female,normal,speech,train
/Users/harshmac/Desktop/Emotion Recognition/speech-emotion-recognition/backend/dataset/raw/ravdess/Actor_22/03-01-05-01-01-02-22.wav,ravdess,05,angry,22,female,normal,speech,train
/Users/harshmac/Desktop/Emotion Recognition/speech-emotion-recognition/backend/dataset/raw/ravdess/Actor_22/03-01-08-01-02-02-22.wav,ravdess,08,surprise,22,female,normal,speech,train
/Users/harshmac/Desktop/Emotion Recognition/speech-emotion-recognition/backend/dataset/raw/ravdess/Actor_22/03-01-08-02-01-02-22.wav,ravdess,08,surprise,22,female,strong,speech,train
/Users/harshmac/Desktop/Emotion Recognition/speech-emotion-recognition/backend/dataset/raw/ravdess/Actor_22/03-01-04-02-02-02-22.wav,ravdess,04,sad,22,female,strong,speech,val
/Users/harshmac/Desktop/Emotion Recognition/speech-emotion-recognition/backend/dataset/raw/ravdess/Actor_22/03-01-07-02-02-01-22.wav,ravdess,07,disgust,22,female,strong,speech,train
/Users/harshmac/Desktop/Emotion Recognition/speech-emotion-recognition/backend/dataset/raw/ravdess/Actor_22/03-01-07-01-01-01-22.wav,ravdess,07,disgust,22,female,normal,speech,train
/Users/harshmac/Desktop/Emotion Recognition/speech-emotion-recognition/backend/dataset/raw/ravdess/Actor_22/03-01-04-01-01-02-22.wav,ravdess,04,sad,22,female,normal,speech,test
/Users/harshmac/Desktop/Emotion Recognition/speech-emotion-recognition/backend/dataset/raw/ravdess/Actor_22/03-01-06-02-01-02-22.wav,ravdess,06,fear,22,female,strong,speech,train
/Users/harshmac/Desktop/Emotion Recognition/speech-emotion-recognition/backend/dataset/raw/ravdess/Actor_22/03-01-05-02-01-01-22.wav,ravdess,05,angry,22,female,strong,speech,train
/Users/harshmac/Desktop/Emotion Recognition/speech-emotion-recognition/backend/dataset/raw/ravdess/Actor_22/03-01-05-01-02-01-22.wav,ravdess,05,angry,22,female,normal,speech,train
/Users/harshmac/Desktop/Emotion Recognition/speech-emotion-recognition/backend/dataset/raw/ravdess/Actor_22/03-01-06-01-02-02-22.wav,ravdess,06,fear,22,female,normal,speech,train
/Users/harshmac/Desktop/Emotion Recognition/speech-emotion-recognition/backend/dataset/raw/ravdess/Actor_22/03-01-08-01-01-01-22.wav,ravdess,08,surprise,22,female,normal,speech,train
/Users/harshmac/Desktop/Emotion Recognition/speech-emotion-recognition/backend/dataset/raw/ravdess/Actor_22/03-01-08-02-02-01-22.wav,ravdess,08,surprise,22,female,strong,speech,train
/Users/harshmac/Desktop/Emotion Recognition/speech-emotion-recognition/backend/dataset/raw/ravdess/Actor_22/03-01-01-01-02-02-22.wav,ravdess,01,neutral,22,female,normal,speech,train
/Users/harshmac/Desktop/Emotion Recognition/speech-emotion-recognition/backend/dataset/raw/ravdess/Actor_22/03-01-02-01-02-01-22.wav,ravdess,02,calm,22,female,normal,speech,val
/Users/harshmac/Desktop/Emotion Recognition/speech-emotion-recognition/backend/dataset/raw/ravdess/Actor_22/03-01-02-02-01-01-22.wav,ravdess,02,calm,22,female,strong,speech,train
/Users/harshmac/Desktop/Emotion Recognition/speech-emotion-recognition/backend/dataset/raw/ravdess/Actor_22/03-01-03-01-01-02-22.wav,ravdess,03,happy,22,female,normal,speech,train
/Users/harshmac/Desktop/Emotion Recognition/speech-emotion-recognition/backend/dataset/raw/ravdess/Actor_22/03-01-03-02-02-02-22.wav,ravdess,03,happy,22,female,strong,speech,train
/Users/harshmac/Desktop/Emotion Recognition/speech-emotion-recognition/backend/dataset/raw/ravdess/Actor_14/03-01-08-01-01-01-14.wav,ravdess,08,surprise,14,female,normal,speech,val
/Users/harshmac/Desktop/Emotion Recognition/speech-emotion-recognition/backend/dataset/raw/ravdess/Actor_14/03-01-08-02-02-01-14.wav,ravdess,08,surprise,14,female,strong,speech,train
/Users/harshmac/Desktop/Emotion Recognition/speech-emotion-recognition/backend/dataset/raw/ravdess/Actor_14/03-01-04-02-02-02-14.wav,ravdess,04,sad,14,female,strong,speech,train
/Users/harshmac/Desktop/Emotion Recognition/speech-emotion-recognition/backend/dataset/raw/ravdess/Actor_14/03-01-07-02-02-01-14.wav,ravdess,07,disgust,14,female,strong,speech,train
/Users/harshmac/Desktop/Emotion Recognition/speech-emotion-recognition/backend/dataset/raw/ravdess/Actor_14/03-01-07-01-01-01-14.wav,ravdess,07,disgust,14,female,normal,speech,val
/Users/harshmac/Desktop/Emotion Recognition/speech-emotion-recognition/backend/dataset/raw/ravdess/Actor_14/03-01-04-01-01-02-14.wav,ravdess,04,sad,14,female,normal,speech,train
/Users/harshmac/Desktop/Emotion Recognition/speech-emotion-recognition/backend/dataset/raw/ravdess/Actor_14/03-01-06-02-01-02-14.wav,ravdess,06,fear,14,female,strong,speech,test
/Users/harshmac/Desktop/Emotion Recognition/speech-emotion-recognition/backend/dataset/raw/ravdess/Actor_14/03-01-05-02-01-01-14.wav,ravdess,05,angry,14,female,strong,speech,train
/Users/harshmac/Desktop/Emotion Recognition/speech-emotion-recognition/backend/dataset/raw/ravdess/Actor_14/03-01-05-01-02-01-14.wav,ravdess,05,angry,14,female,normal,speech,train
/Users/harshmac/Desktop/Emotion Recognition/speech-emotion-recognition/backend/dataset/raw/ravdess/Actor_14/03-01-06-01-02-02-14.wav,ravdess,06,fear,14,female,normal,speech,train
/Users/harshmac/Desktop/Emotion Recognition/speech-emotion-recognition/backend/dataset/raw/ravdess/Actor_14/03-01-01-01-02-02-14.wav,ravdess,01,neutral,14,female,normal,speech,train
/Users/harshmac/Desktop/Emotion Recognition/speech-emotion-recognition/backend/dataset/raw/ravdess/Actor_14/03-01-02-01-02-01-14.wav,ravdess,02,calm,14,female,normal,speech,train
/Users/harshmac/Desktop/Emotion Recognition/speech-emotion-recognition/backend/dataset/raw/ravdess/Actor_14/03-01-02-02-01-01-14.wav,ravdess,02,calm,14,female,strong,speech,train
/Users/harshmac/Desktop/Emotion Recognition/speech-emotion-recognition/backend/dataset/raw/ravdess/Actor_14/03-01-03-01-01-02-14.wav,ravdess,03,happy,14,female,normal,speech,train
/Users/harshmac/Desktop/Emotion Recognition/speech-emotion-recognition/backend/dataset/raw/ravdess/Actor_14/03-01-03-02-02-02-14.wav,ravdess,03,happy,14,female,strong,speech,test
/Users/harshmac/Desktop/Emotion Recognition/speech-emotion-recognition/backend/dataset/raw/ravdess/Actor_14/03-01-02-01-01-02-14.wav,ravdess,02,calm,14,female,normal,speech,test
/Users/harshmac/Desktop/Emotion Recognition/speech-emotion-recognition/backend/dataset/raw/ravdess/Actor_14/03-01-01-01-01-01-14.wav,ravdess,01,neutral,14,female,normal,speech,train
/Users/harshmac/Desktop/Emotion Recognition/speech-emotion-recognition/backend/dataset/raw/ravdess/Actor_14/03-01-02-02-02-02-14.wav,ravdess,02,calm,14,female,strong,speech,train
/Users/harshmac/Desktop/Emotion Recognition/speech-emotion-recognition/backend/dataset/raw/ravdess/Actor_14/03-01-03-01-02-01-14.wav,ravdess,03,happy,14,female,normal,speech,train
/Users/harshmac/Desktop/Emotion Recognition/speech-emotion-recognition/backend/dataset/raw/ravdess/Actor_14/03-01-03-02-01-01-14.wav,ravdess,03,happy,14,female,strong,speech,train
/Users/harshmac/Desktop/Emotion Recognition/speech-emotion-recognition/backend/dataset/raw/ravdess/Actor_14/03-01-08-01-02-02-14.wav,ravdess,08,surprise,14,female,normal,speech,train
/Users/harshmac/Desktop/Emotion Recognition/speech-emotion-recognition/backend/dataset/raw/ravdess/Actor_14/03-01-08-02-01-02-14.wav,ravdess,08,surprise,14,female,strong,speech,val
/Users/harshmac/Desktop/Emotion Recognition/speech-emotion-recognition/backend/dataset/raw/ravdess/Actor_14/03-01-07-02-01-02-14.wav,ravdess,07,disgust,14,female,strong,speech,train
/Users/harshmac/Desktop/Emotion Recognition/speech-emotion-recognition/backend/dataset/raw/ravdess/Actor_14/03-01-04-02-01-01-14.wav,ravdess,04,sad,14,female,strong,speech,train
/Users/harshmac/Desktop/Emotion Recognition/speech-emotion-recognition/backend/dataset/raw/ravdess/Actor_14/03-01-04-01-02-01-14.wav,ravdess,04,sad,14,female,normal,speech,train
/Users/harshmac/Desktop/Emotion Recognition/speech-emotion-recognition/backend/dataset/raw/ravdess/Actor_14/03-01-07-01-02-02-14.wav,ravdess,07,disgust,14,female,normal,speech,train
/Users/harshmac/Desktop/Emotion Recognition/speech-emotion-recognition/backend/dataset/raw/ravdess/Actor_14/03-01-05-02-02-02-14.wav,ravdess,05,angry,14,female,strong,speech,train
/Users/harshmac/Desktop/Emotion Recognition/speech-emotion-recognition/backend/dataset/raw/ravdess/Actor_14/03-01-06-02-02-01-14.wav,ravdess,06,fear,14,female,strong,speech,train
/Users/harshmac/Desktop/Emotion Recognition/speech-emotion-recognition/backend/dataset/raw/ravdess/Actor_14/03-01-06-01-01-01-14.wav,ravdess,06,fear,14,female,normal,speech,train
/Users/harshmac/Desktop/Emotion Recognition/speech-emotion-recognition/backend/dataset/raw/ravdess/Actor_14/03-01-05-01-01-02-14.wav,ravdess,05,angry,14,female,normal,speech,train
/Users/harshmac/Desktop/Emotion Recognition/speech-emotion-recognition/backend/dataset/raw/ravdess/Actor_14/03-01-03-02-02-01-14.wav,ravdess,03,happy,14,female,strong,speech,train
/Users/harshmac/Desktop/Emotion Recognition/speech-emotion-recognition/backend/dataset/raw/ravdess/Actor_14/03-01-03-01-01-01-14.wav,ravdess,03,happy,14,female,normal,speech,test
/Users/harshmac/Desktop/Emotion Recognition/speech-emotion-recognition/backend/dataset/raw/ravdess/Actor_14/03-01-02-02-01-02-14.wav,ravdess,02,calm,14,female,strong,speech,train
/Users/harshmac/Desktop/Emotion Recognition/speech-emotion-recognition/backend/dataset/raw/ravdess/Actor_14/03-01-02-01-02-02-14.wav,ravdess,02,calm,14,female,normal,speech,train
/Users/harshmac/Desktop/Emotion Recognition/speech-emotion-recognition/backend/dataset/raw/ravdess/Actor_14/03-01-01-01-02-01-14.wav,ravdess,01,neutral,14,female,normal,speech,train
/Users/harshmac/Desktop/Emotion Recognition/speech-emotion-recognition/backend/dataset/raw/ravdess/Actor_14/03-01-08-02-02-02-14.wav,ravdess,08,surprise,14,female,strong,speech,train
/Users/harshmac/Desktop/Emotion Recognition/speech-emotion-recognition/backend/dataset/raw/ravdess/Actor_14/03-01-08-01-01-02-14.wav,ravdess,08,surprise,14,female,normal,speech,test
/Users/harshmac/Desktop/Emotion Recognition/speech-emotion-recognition/backend/dataset/raw/ravdess/Actor_14/03-01-06-01-02-01-14.wav,ravdess,06,fear,14,female,normal,speech,test
/Users/harshmac/Desktop/Emotion Recognition/speech-emotion-recognition/backend/dataset/raw/ravdess/Actor_14/03-01-05-01-02-02-14.wav,ravdess,05,angry,14,female,normal,speech,train
/Users/harshmac/Desktop/Emotion Recognition/speech-emotion-recognition/backend/dataset/raw/ravdess/Actor_14/03-01-05-02-01-02-14.wav,ravdess,05,angry,14,female,strong,speech,train
/Users/harshmac/Desktop/Emotion Recognition/speech-emotion-recognition/backend/dataset/raw/ravdess/Actor_14/03-01-06-02-01-01-14.wav,ravdess,06,fear,14,female,strong,speech,test
/Users/harshmac/Desktop/Emotion Recognition/speech-emotion-recognition/backend/dataset/raw/ravdess/Actor_14/03-01-04-01-01-01-14.wav,ravdess,04,sad,14,female,normal,speech,test
/Users/harshmac/Desktop/Emotion Recognition/speech-emotion-recognition/backend/dataset/raw/ravdess/Actor_14/03-01-07-01-01-02-14.wav,ravdess,07,disgust,14,female,normal,speech,train
/Users/harshmac/Desktop/Emotion Recognition/speech-emotion-recognition/backend/dataset/raw/ravdess/Actor_14/03-01-07-02-02-02-14.wav,ravdess,07,disgust,14,female,strong,speech,train
/Users/harshmac/Desktop/Emotion Recognition/speech-emotion-recognition/backend/dataset/raw/ravdess/Actor_14/03-01-04-02-02-01-14.wav,ravdess,04,sad,14,female,strong,speech,val
/Users/harshmac/Desktop/Emotion Recognition/speech-emotion-recognition/backend/dataset/raw/ravdess/Actor_14/03-01-08-02-01-01-14.wav,ravdess,08,surprise,14,female,strong,speech,val
/Users/harshmac/Desktop/Emotion Recognition/speech-emotion-recognition/backend/dataset/raw/ravdess/Actor_14/03-01-08-01-02-01-14.wav,ravdess,08,surprise,14,female,normal,speech,test
/Users/harshmac/Desktop/Emotion Recognition/speech-emotion-recognition/backend/dataset/raw/ravdess/Actor_14/03-01-05-01-01-01-14.wav,ravdess,05,angry,14,female,normal,speech,train
/Users/harshmac/Desktop/Emotion Recognition/speech-emotion-recognition/backend/dataset/raw/ravdess/Actor_14/03-01-06-01-01-02-14.wav,ravdess,06,fear,14,female,normal,speech,val
/Users/harshmac/Desktop/Emotion Recognition/speech-emotion-recognition/backend/dataset/raw/ravdess/Actor_14/03-01-06-02-02-02-14.wav,ravdess,06,fear,14,female,strong,speech,test
/Users/harshmac/Desktop/Emotion Recognition/speech-emotion-recognition/backend/dataset/raw/ravdess/Actor_14/03-01-05-02-02-01-14.wav,ravdess,05,angry,14,female,strong,speech,train
/Users/harshmac/Desktop/Emotion Recognition/speech-emotion-recognition/backend/dataset/raw/ravdess/Actor_14/03-01-07-01-02-01-14.wav,ravdess,07,disgust,14,female,normal,speech,train
/Users/harshmac/Desktop/Emotion Recognition/speech-emotion-recognition/backend/dataset/raw/ravdess/Actor_14/03-01-04-01-02-02-14.wav,ravdess,04,sad,14,female,normal,speech,train
/Users/harshmac/Desktop/Emotion Recognition/speech-emotion-recognition/backend/dataset/raw/ravdess/Actor_14/03-01-04-02-01-02-14.wav,ravdess,04,sad,14,female,strong,speech,train
/Users/harshmac/Desktop/Emotion Recognition/speech-emotion-recognition/backend/dataset/raw/ravdess/Actor_14/03-01-07-02-01-01-14.wav,ravdess,07,disgust,14,female,strong,speech,test
/Users/harshmac/Desktop/Emotion Recognition/speech-emotion-recognition/backend/dataset/raw/ravdess/Actor_14/03-01-03-02-01-02-14.wav,ravdess,03,happy,14,female,strong,speech,val
/Users/harshmac/Desktop/Emotion Recognition/speech-emotion-recognition/backend/dataset/raw/ravdess/Actor_14/03-01-03-01-02-02-14.wav,ravdess,03,happy,14,female,normal,speech,train
/Users/harshmac/Desktop/Emotion Recognition/speech-emotion-recognition/backend/dataset/raw/ravdess/Actor_14/03-01-02-02-02-01-14.wav,ravdess,02,calm,14,female,strong,speech,train
/Users/harshmac/Desktop/Emotion Recognition/speech-emotion-recognition/backend/dataset/raw/ravdess/Actor_14/03-01-01-01-01-02-14.wav,ravdess,01,neutral,14,female,normal,speech,train
/Users/harshmac/Desktop/Emotion Recognition/speech-emotion-recognition/backend/dataset/raw/ravdess/Actor_14/03-01-02-01-01-01-14.wav,ravdess,02,calm,14,female,normal,speech,train
/Users/harshmac/Desktop/Emotion Recognition/speech-emotion-recognition/backend/dataset/raw/ravdess/Actor_13/03-01-03-02-02-02-13.wav,ravdess,03,happy,13,male,strong,speech,test
/Users/harshmac/Desktop/Emotion Recognition/speech-emotion-recognition/backend/dataset/raw/ravdess/Actor_13/03-01-03-01-01-02-13.wav,ravdess,03,happy,13,male,normal,speech,val
/Users/harshmac/Desktop/Emotion Recognition/speech-emotion-recognition/backend/dataset/raw/ravdess/Actor_13/03-01-02-02-01-01-13.wav,ravdess,02,calm,13,male,strong,speech,test
/Users/harshmac/Desktop/Emotion Recognition/speech-emotion-recognition/backend/dataset/raw/ravdess/Actor_13/03-01-01-01-02-02-13.wav,ravdess,01,neutral,13,male,normal,speech,train
/Users/harshmac/Desktop/Emotion Recognition/speech-emotion-recognition/backend/dataset/raw/ravdess/Actor_13/03-01-02-01-02-01-13.wav,ravdess,02,calm,13,male,normal,speech,train
/Users/harshmac/Desktop/Emotion Recognition/speech-emotion-recognition/backend/dataset/raw/ravdess/Actor_13/03-01-08-02-02-01-13.wav,ravdess,08,surprise,13,male,strong,speech,train
/Users/harshmac/Desktop/Emotion Recognition/speech-emotion-recognition/backend/dataset/raw/ravdess/Actor_13/03-01-08-01-01-01-13.wav,ravdess,08,surprise,13,male,normal,speech,train
/Users/harshmac/Desktop/Emotion Recognition/speech-emotion-recognition/backend/dataset/raw/ravdess/Actor_13/03-01-05-01-02-01-13.wav,ravdess,05,angry,13,male,normal,speech,train
/Users/harshmac/Desktop/Emotion Recognition/speech-emotion-recognition/backend/dataset/raw/ravdess/Actor_13/03-01-06-01-02-02-13.wav,ravdess,06,fear,13,male,normal,speech,test
/Users/harshmac/Desktop/Emotion Recognition/speech-emotion-recognition/backend/dataset/raw/ravdess/Actor_13/03-01-06-02-01-02-13.wav,ravdess,06,fear,13,male,strong,speech,test
/Users/harshmac/Desktop/Emotion Recognition/speech-emotion-recognition/backend/dataset/raw/ravdess/Actor_13/03-01-05-02-01-01-13.wav,ravdess,05,angry,13,male,strong,speech,train
/Users/harshmac/Desktop/Emotion Recognition/speech-emotion-recognition/backend/dataset/raw/ravdess/Actor_13/03-01-07-01-01-01-13.wav,ravdess,07,disgust,13,male,normal,speech,train
/Users/harshmac/Desktop/Emotion Recognition/speech-emotion-recognition/backend/dataset/raw/ravdess/Actor_13/03-01-04-01-01-02-13.wav,ravdess,04,sad,13,male,normal,speech,train
/Users/harshmac/Desktop/Emotion Recognition/speech-emotion-recognition/backend/dataset/raw/ravdess/Actor_13/03-01-04-02-02-02-13.wav,ravdess,04,sad,13,male,strong,speech,train
/Users/harshmac/Desktop/Emotion Recognition/speech-emotion-recognition/backend/dataset/raw/ravdess/Actor_13/03-01-07-02-02-01-13.wav,ravdess,07,disgust,13,male,strong,speech,train
/Users/harshmac/Desktop/Emotion Recognition/speech-emotion-recognition/backend/dataset/raw/ravdess/Actor_13/03-01-08-02-01-02-13.wav,ravdess,08,surprise,13,male,strong,speech,test
/Users/harshmac/Desktop/Emotion Recognition/speech-emotion-recognition/backend/dataset/raw/ravdess/Actor_13/03-01-08-01-02-02-13.wav,ravdess,08,surprise,13,male,normal,speech,train
/Users/harshmac/Desktop/Emotion Recognition/speech-emotion-recognition/backend/dataset/raw/ravdess/Actor_13/03-01-06-01-01-01-13.wav,ravdess,06,fear,13,male,normal,speech,train
/Users/harshmac/Desktop/Emotion Recognition/speech-emotion-recognition/backend/dataset/raw/ravdess/Actor_13/03-01-05-01-01-02-13.wav,ravdess,05,angry,13,male,normal,speech,train
/Users/harshmac/Desktop/Emotion Recognition/speech-emotion-recognition/backend/dataset/raw/ravdess/Actor_13/03-01-05-02-02-02-13.wav,ravdess,05,angry,13,male,strong,speech,train
/Users/harshmac/Desktop/Emotion Recognition/speech-emotion-recognition/backend/dataset/raw/ravdess/Actor_13/03-01-06-02-02-01-13.wav,ravdess,06,fear,13,male,strong,speech,train
/Users/harshmac/Desktop/Emotion Recognition/speech-emotion-recognition/backend/dataset/raw/ravdess/Actor_13/03-01-04-01-02-01-13.wav,ravdess,04,sad,13,male,normal,speech,val
/Users/harshmac/Desktop/Emotion Recognition/speech-emotion-recognition/backend/dataset/raw/ravdess/Actor_13/03-01-07-01-02-02-13.wav,ravdess,07,disgust,13,male,normal,speech,val
/Users/harshmac/Desktop/Emotion Recognition/speech-emotion-recognition/backend/dataset/raw/ravdess/Actor_13/03-01-07-02-01-02-13.wav,ravdess,07,disgust,13,male,strong,speech,train
/Users/harshmac/Desktop/Emotion Recognition/speech-emotion-recognition/backend/dataset/raw/ravdess/Actor_13/03-01-04-02-01-01-13.wav,ravdess,04,sad,13,male,strong,speech,train
/Users/harshmac/Desktop/Emotion Recognition/speech-emotion-recognition/backend/dataset/raw/ravdess/Actor_13/03-01-03-02-01-01-13.wav,ravdess,03,happy,13,male,strong,speech,train
/Users/harshmac/Desktop/Emotion Recognition/speech-emotion-recognition/backend/dataset/raw/ravdess/Actor_13/03-01-03-01-02-01-13.wav,ravdess,03,happy,13,male,normal,speech,train
/Users/harshmac/Desktop/Emotion Recognition/speech-emotion-recognition/backend/dataset/raw/ravdess/Actor_13/03-01-02-02-02-02-13.wav,ravdess,02,calm,13,male,strong,speech,test
/Users/harshmac/Desktop/Emotion Recognition/speech-emotion-recognition/backend/dataset/raw/ravdess/Actor_13/03-01-02-01-01-02-13.wav,ravdess,02,calm,13,male,normal,speech,train
/Users/harshmac/Desktop/Emotion Recognition/speech-emotion-recognition/backend/dataset/raw/ravdess/Actor_13/03-01-01-01-01-01-13.wav,ravdess,01,neutral,13,male,normal,speech,train
/Users/harshmac/Desktop/Emotion Recognition/speech-emotion-recognition/backend/dataset/raw/ravdess/Actor_13/03-01-08-01-01-02-13.wav,ravdess,08,surprise,13,male,normal,speech,val
/Users/harshmac/Desktop/Emotion Recognition/speech-emotion-recognition/backend/dataset/raw/ravdess/Actor_13/03-01-08-02-02-02-13.wav,ravdess,08,surprise,13,male,strong,speech,train
/Users/harshmac/Desktop/Emotion Recognition/speech-emotion-recognition/backend/dataset/raw/ravdess/Actor_13/03-01-07-02-02-02-13.wav,ravdess,07,disgust,13,male,strong,speech,train
/Users/harshmac/Desktop/Emotion Recognition/speech-emotion-recognition/backend/dataset/raw/ravdess/Actor_13/03-01-04-02-02-01-13.wav,ravdess,04,sad,13,male,strong,speech,train
/Users/harshmac/Desktop/Emotion Recognition/speech-emotion-recognition/backend/dataset/raw/ravdess/Actor_13/03-01-04-01-01-01-13.wav,ravdess,04,sad,13,male,normal,speech,val
/Users/harshmac/Desktop/Emotion Recognition/speech-emotion-recognition/backend/dataset/raw/ravdess/Actor_13/03-01-07-01-01-02-13.wav,ravdess,07,disgust,13,male,normal,speech,test
/Users/harshmac/Desktop/Emotion Recognition/speech-emotion-recognition/backend/dataset/raw/ravdess/Actor_13/03-01-05-02-01-02-13.wav,ravdess,05,angry,13,male,strong,speech,train
/Users/harshmac/Desktop/Emotion Recognition/speech-emotion-recognition/backend/dataset/raw/ravdess/Actor_13/03-01-06-02-01-01-13.wav,ravdess,06,fear,13,male,strong,speech,val
/Users/harshmac/Desktop/Emotion Recognition/speech-emotion-recognition/backend/dataset/raw/ravdess/Actor_13/03-01-06-01-02-01-13.wav,ravdess,06,fear,13,male,normal,speech,val
/Users/harshmac/Desktop/Emotion Recognition/speech-emotion-recognition/backend/dataset/raw/ravdess/Actor_13/03-01-05-01-02-02-13.wav,ravdess,05,angry,13,male,normal,speech,test
/Users/harshmac/Desktop/Emotion Recognition/speech-emotion-recognition/backend/dataset/raw/ravdess/Actor_13/03-01-02-01-02-02-13.wav,ravdess,02,calm,13,male,normal,speech,val
/Users/harshmac/Desktop/Emotion Recognition/speech-emotion-recognition/backend/dataset/raw/ravdess/Actor_13/03-01-01-01-02-01-13.wav,ravdess,01,neutral,13,male,normal,speech,train
/Users/harshmac/Desktop/Emotion Recognition/speech-emotion-recognition/backend/dataset/raw/ravdess/Actor_13/03-01-02-02-01-02-13.wav,ravdess,02,calm,13,male,strong,speech,train
/Users/harshmac/Desktop/Emotion Recognition/speech-emotion-recognition/backend/dataset/raw/ravdess/Actor_13/03-01-03-01-01-01-13.wav,ravdess,03,happy,13,male,normal,speech,train
/Users/harshmac/Desktop/Emotion Recognition/speech-emotion-recognition/backend/dataset/raw/ravdess/Actor_13/03-01-03-02-02-01-13.wav,ravdess,03,happy,13,male,strong,speech,train
/Users/harshmac/Desktop/Emotion Recognition/speech-emotion-recognition/backend/dataset/raw/ravdess/Actor_13/03-01-01-01-01-02-13.wav,ravdess,01,neutral,13,male,normal,speech,train
/Users/harshmac/Desktop/Emotion Recognition/speech-emotion-recognition/backend/dataset/raw/ravdess/Actor_13/03-01-02-01-01-01-13.wav,ravdess,02,calm,13,male,normal,speech,train
/Users/harshmac/Desktop/Emotion Recognition/speech-emotion-recognition/backend/dataset/raw/ravdess/Actor_13/03-01-02-02-02-01-13.wav,ravdess,02,calm,13,male,strong,speech,train
/Users/harshmac/Desktop/Emotion Recognition/speech-emotion-recognition/backend/dataset/raw/ravdess/Actor_13/03-01-03-01-02-02-13.wav,ravdess,03,happy,13,male,normal,speech,test
/Users/harshmac/Desktop/Emotion Recognition/speech-emotion-recognition/backend/dataset/raw/ravdess/Actor_13/03-01-03-02-01-02-13.wav,ravdess,03,happy,13,male,strong,speech,train
/Users/harshmac/Desktop/Emotion Recognition/speech-emotion-recognition/backend/dataset/raw/ravdess/Actor_13/03-01-08-01-02-01-13.wav,ravdess,08,surprise,13,male,normal,speech,test
/Users/harshmac/Desktop/Emotion Recognition/speech-emotion-recognition/backend/dataset/raw/ravdess/Actor_13/03-01-08-02-01-01-13.wav,ravdess,08,surprise,13,male,strong,speech,train
/Users/harshmac/Desktop/Emotion Recognition/speech-emotion-recognition/backend/dataset/raw/ravdess/Actor_13/03-01-04-02-01-02-13.wav,ravdess,04,sad,13,male,strong,speech,train
/Users/harshmac/Desktop/Emotion Recognition/speech-emotion-recognition/backend/dataset/raw/ravdess/Actor_13/03-01-07-02-01-01-13.wav,ravdess,07,disgust,13,male,strong,speech,val
/Users/harshmac/Desktop/Emotion Recognition/speech-emotion-recognition/backend/dataset/raw/ravdess/Actor_13/03-01-07-01-02-01-13.wav,ravdess,07,disgust,13,male,normal,speech,train
/Users/harshmac/Desktop/Emotion Recognition/speech-emotion-recognition/backend/dataset/raw/ravdess/Actor_13/03-01-04-01-02-02-13.wav,ravdess,04,sad,13,male,normal,speech,train
/Users/harshmac/Desktop/Emotion Recognition/speech-emotion-recognition/backend/dataset/raw/ravdess/Actor_13/03-01-06-02-02-02-13.wav,ravdess,06,fear,13,male,strong,speech,test
/Users/harshmac/Desktop/Emotion Recognition/speech-emotion-recognition/backend/dataset/raw/ravdess/Actor_13/03-01-05-02-02-01-13.wav,ravdess,05,angry,13,male,strong,speech,val
/Users/harshmac/Desktop/Emotion Recognition/speech-emotion-recognition/backend/dataset/raw/ravdess/Actor_13/03-01-05-01-01-01-13.wav,ravdess,05,angry,13,male,normal,speech,test
/Users/harshmac/Desktop/Emotion Recognition/speech-emotion-recognition/backend/dataset/raw/ravdess/Actor_13/03-01-06-01-01-02-13.wav,ravdess,06,fear,13,male,normal,speech,train
/Users/harshmac/Desktop/Emotion Recognition/speech-emotion-recognition/backend/dataset/raw/ravdess/Actor_09/03-01-08-02-01-01-09.wav,ravdess,08,surprise,9,male,strong,speech,train
/Users/harshmac/Desktop/Emotion Recognition/speech-emotion-recognition/backend/dataset/raw/ravdess/Actor_09/03-01-08-01-02-01-09.wav,ravdess,08,surprise,9,male,normal,speech,val
/Users/harshmac/Desktop/Emotion Recognition/speech-emotion-recognition/backend/dataset/raw/ravdess/Actor_09/03-01-05-01-01-01-09.wav,ravdess,05,angry,9,male,normal,speech,train
/Users/harshmac/Desktop/Emotion Recognition/speech-emotion-recognition/backend/dataset/raw/ravdess/Actor_09/03-01-06-01-01-02-09.wav,ravdess,06,fear,9,male,normal,speech,train
/Users/harshmac/Desktop/Emotion Recognition/speech-emotion-recognition/backend/dataset/raw/ravdess/Actor_09/03-01-06-02-02-02-09.wav,ravdess,06,fear,9,male,strong,speech,train
/Users/harshmac/Desktop/Emotion Recognition/speech-emotion-recognition/backend/dataset/raw/ravdess/Actor_09/03-01-05-02-02-01-09.wav,ravdess,05,angry,9,male,strong,speech,train
/Users/harshmac/Desktop/Emotion Recognition/speech-emotion-recognition/backend/dataset/raw/ravdess/Actor_09/03-01-07-01-02-01-09.wav,ravdess,07,disgust,9,male,normal,speech,train
/Users/harshmac/Desktop/Emotion Recognition/speech-emotion-recognition/backend/dataset/raw/ravdess/Actor_09/03-01-04-01-02-02-09.wav,ravdess,04,sad,9,male,normal,speech,train
/Users/harshmac/Desktop/Emotion Recognition/speech-emotion-recognition/backend/dataset/raw/ravdess/Actor_09/03-01-04-02-01-02-09.wav,ravdess,04,sad,9,male,strong,speech,train
/Users/harshmac/Desktop/Emotion Recognition/speech-emotion-recognition/backend/dataset/raw/ravdess/Actor_09/03-01-07-02-01-01-09.wav,ravdess,07,disgust,9,male,strong,speech,train
/Users/harshmac/Desktop/Emotion Recognition/speech-emotion-recognition/backend/dataset/raw/ravdess/Actor_09/03-01-03-02-01-02-09.wav,ravdess,03,happy,9,male,strong,speech,train
/Users/harshmac/Desktop/Emotion Recognition/speech-emotion-recognition/backend/dataset/raw/ravdess/Actor_09/03-01-03-01-02-02-09.wav,ravdess,03,happy,9,male,normal,speech,train
/Users/harshmac/Desktop/Emotion Recognition/speech-emotion-recognition/backend/dataset/raw/ravdess/Actor_09/03-01-02-02-02-01-09.wav,ravdess,02,calm,9,male,strong,speech,val
/Users/harshmac/Desktop/Emotion Recognition/speech-emotion-recognition/backend/dataset/raw/ravdess/Actor_09/03-01-01-01-01-02-09.wav,ravdess,01,neutral,9,male,normal,speech,test
/Users/harshmac/Desktop/Emotion Recognition/speech-emotion-recognition/backend/dataset/raw/ravdess/Actor_09/03-01-02-01-01-01-09.wav,ravdess,02,calm,9,male,normal,speech,train
/Users/harshmac/Desktop/Emotion Recognition/speech-emotion-recognition/backend/dataset/raw/ravdess/Actor_09/03-01-03-02-02-01-09.wav,ravdess,03,happy,9,male,strong,speech,train
/Users/harshmac/Desktop/Emotion Recognition/speech-emotion-recognition/backend/dataset/raw/ravdess/Actor_09/03-01-03-01-01-01-09.wav,ravdess,03,happy,9,male,normal,speech,train
/Users/harshmac/Desktop/Emotion Recognition/speech-emotion-recognition/backend/dataset/raw/ravdess/Actor_09/03-01-02-02-01-02-09.wav,ravdess,02,calm,9,male,strong,speech,train
/Users/harshmac/Desktop/Emotion Recognition/speech-emotion-recognition/backend/dataset/raw/ravdess/Actor_09/03-01-02-01-02-02-09.wav,ravdess,02,calm,9,male,normal,speech,train
/Users/harshmac/Desktop/Emotion Recognition/speech-emotion-recognition/backend/dataset/raw/ravdess/Actor_09/03-01-01-01-02-01-09.wav,ravdess,01,neutral,9,male,normal,speech,val
/Users/harshmac/Desktop/Emotion Recognition/speech-emotion-recognition/backend/dataset/raw/ravdess/Actor_09/03-01-08-02-02-02-09.wav,ravdess,08,surprise,9,male,strong,speech,train
/Users/harshmac/Desktop/Emotion Recognition/speech-emotion-recognition/backend/dataset/raw/ravdess/Actor_09/03-01-08-01-01-02-09.wav,ravdess,08,surprise,9,male,normal,speech,val
/Users/harshmac/Desktop/Emotion Recognition/speech-emotion-recognition/backend/dataset/raw/ravdess/Actor_09/03-01-06-01-02-01-09.wav,ravdess,06,fear,9,male,normal,speech,train
/Users/harshmac/Desktop/Emotion Recognition/speech-emotion-recognition/backend/dataset/raw/ravdess/Actor_09/03-01-05-01-02-02-09.wav,ravdess,05,angry,9,male,normal,speech,train
/Users/harshmac/Desktop/Emotion Recognition/speech-emotion-recognition/backend/dataset/raw/ravdess/Actor_09/03-01-05-02-01-02-09.wav,ravdess,05,angry,9,male,strong,speech,train
/Users/harshmac/Desktop/Emotion Recognition/speech-emotion-recognition/backend/dataset/raw/ravdess/Actor_09/03-01-06-02-01-01-09.wav,ravdess,06,fear,9,male,strong,speech,train
/Users/harshmac/Desktop/Emotion Recognition/speech-emotion-recognition/backend/dataset/raw/ravdess/Actor_09/03-01-04-01-01-01-09.wav,ravdess,04,sad,9,male,normal,speech,test
/Users/harshmac/Desktop/Emotion Recognition/speech-emotion-recognition/backend/dataset/raw/ravdess/Actor_09/03-01-07-01-01-02-09.wav,ravdess,07,disgust,9,male,normal,speech,val
/Users/harshmac/Desktop/Emotion Recognition/speech-emotion-recognition/backend/dataset/raw/ravdess/Actor_09/03-01-07-02-02-02-09.wav,ravdess,07,disgust,9,male,strong,speech,train
/Users/harshmac/Desktop/Emotion Recognition/speech-emotion-recognition/backend/dataset/raw/ravdess/Actor_09/03-01-04-02-02-01-09.wav,ravdess,04,sad,9,male,strong,speech,train
/Users/harshmac/Desktop/Emotion Recognition/speech-emotion-recognition/backend/dataset/raw/ravdess/Actor_09/03-01-02-01-01-02-09.wav,ravdess,02,calm,9,male,normal,speech,train
/Users/harshmac/Desktop/Emotion Recognition/speech-emotion-recognition/backend/dataset/raw/ravdess/Actor_09/03-01-01-01-01-01-09.wav,ravdess,01,neutral,9,male,normal,speech,train
/Users/harshmac/Desktop/Emotion Recognition/speech-emotion-recognition/backend/dataset/raw/ravdess/Actor_09/03-01-02-02-02-02-09.wav,ravdess,02,calm,9,male,strong,speech,train
/Users/harshmac/Desktop/Emotion Recognition/speech-emotion-recognition/backend/dataset/raw/ravdess/Actor_09/03-01-03-01-02-01-09.wav,ravdess,03,happy,9,male,normal,speech,train
/Users/harshmac/Desktop/Emotion Recognition/speech-emotion-recognition/backend/dataset/raw/ravdess/Actor_09/03-01-03-02-01-01-09.wav,ravdess,03,happy,9,male,strong,speech,val
/Users/harshmac/Desktop/Emotion Recognition/speech-emotion-recognition/backend/dataset/raw/ravdess/Actor_09/03-01-08-01-02-02-09.wav,ravdess,08,surprise,9,male,normal,speech,train
/Users/harshmac/Desktop/Emotion Recognition/speech-emotion-recognition/backend/dataset/raw/ravdess/Actor_09/03-01-08-02-01-02-09.wav,ravdess,08,surprise,9,male,strong,speech,train
/Users/harshmac/Desktop/Emotion Recognition/speech-emotion-recognition/backend/dataset/raw/ravdess/Actor_09/03-01-07-02-01-02-09.wav,ravdess,07,disgust,9,male,strong,speech,train
/Users/harshmac/Desktop/Emotion Recognition/speech-emotion-recognition/backend/dataset/raw/ravdess/Actor_09/03-01-04-02-01-01-09.wav,ravdess,04,sad,9,male,strong,speech,test
/Users/harshmac/Desktop/Emotion Recognition/speech-emotion-recognition/backend/dataset/raw/ravdess/Actor_09/03-01-04-01-02-01-09.wav,ravdess,04,sad,9,male,normal,speech,train
/Users/harshmac/Desktop/Emotion Recognition/speech-emotion-recognition/backend/dataset/raw/ravdess/Actor_09/03-01-07-01-02-02-09.wav,ravdess,07,disgust,9,male,normal,speech,train
/Users/harshmac/Desktop/Emotion Recognition/speech-emotion-recognition/backend/dataset/raw/ravdess/Actor_09/03-01-05-02-02-02-09.wav,ravdess,05,angry,9,male,strong,speech,val
/Users/harshmac/Desktop/Emotion Recognition/speech-emotion-recognition/backend/dataset/raw/ravdess/Actor_09/03-01-06-02-02-01-09.wav,ravdess,06,fear,9,male,strong,speech,train
/Users/harshmac/Desktop/Emotion Recognition/speech-emotion-recognition/backend/dataset/raw/ravdess/Actor_09/03-01-06-01-01-01-09.wav,ravdess,06,fear,9,male,normal,speech,val
/Users/harshmac/Desktop/Emotion Recognition/speech-emotion-recognition/backend/dataset/raw/ravdess/Actor_09/03-01-05-01-01-02-09.wav,ravdess,05,angry,9,male,normal,speech,test
/Users/harshmac/Desktop/Emotion Recognition/speech-emotion-recognition/backend/dataset/raw/ravdess/Actor_09/03-01-08-01-01-01-09.wav,ravdess,08,surprise,9,male,normal,speech,train
/Users/harshmac/Desktop/Emotion Recognition/speech-emotion-recognition/backend/dataset/raw/ravdess/Actor_09/03-01-08-02-02-01-09.wav,ravdess,08,surprise,9,male,strong,speech,val
/Users/harshmac/Desktop/Emotion Recognition/speech-emotion-recognition/backend/dataset/raw/ravdess/Actor_09/03-01-04-02-02-02-09.wav,ravdess,04,sad,9,male,strong,speech,test
/Users/harshmac/Desktop/Emotion Recognition/speech-emotion-recognition/backend/dataset/raw/ravdess/Actor_09/03-01-07-02-02-01-09.wav,ravdess,07,disgust,9,male,strong,speech,train
/Users/harshmac/Desktop/Emotion Recognition/speech-emotion-recognition/backend/dataset/raw/ravdess/Actor_09/03-01-07-01-01-01-09.wav,ravdess,07,disgust,9,male,normal,speech,train
/Users/harshmac/Desktop/Emotion Recognition/speech-emotion-recognition/backend/dataset/raw/ravdess/Actor_09/03-01-04-01-01-02-09.wav,ravdess,04,sad,9,male,normal,speech,train
/Users/harshmac/Desktop/Emotion Recognition/speech-emotion-recognition/backend/dataset/raw/ravdess/Actor_09/03-01-06-02-01-02-09.wav,ravdess,06,fear,9,male,strong,speech,train
/Users/harshmac/Desktop/Emotion Recognition/speech-emotion-recognition/backend/dataset/raw/ravdess/Actor_09/03-01-05-02-01-01-09.wav,ravdess,05,angry,9,male,strong,speech,train
/Users/harshmac/Desktop/Emotion Recognition/speech-emotion-recognition/backend/dataset/raw/ravdess/Actor_09/03-01-05-01-02-01-09.wav,ravdess,05,angry,9,male,normal,speech,train
/Users/harshmac/Desktop/Emotion Recognition/speech-emotion-recognition/backend/dataset/raw/ravdess/Actor_09/03-01-06-01-02-02-09.wav,ravdess,06,fear,9,male,normal,speech,train
/Users/harshmac/Desktop/Emotion Recognition/speech-emotion-recognition/backend/dataset/raw/ravdess/Actor_09/03-01-01-01-02-02-09.wav,ravdess,01,neutral,9,male,normal,speech,val
/Users/harshmac/Desktop/Emotion Recognition/speech-emotion-recognition/backend/dataset/raw/ravdess/Actor_09/03-01-02-01-02-01-09.wav,ravdess,02,calm,9,male,normal,speech,train
/Users/harshmac/Desktop/Emotion Recognition/speech-emotion-recognition/backend/dataset/raw/ravdess/Actor_09/03-01-02-02-01-01-09.wav,ravdess,02,calm,9,male,strong,speech,test
/Users/harshmac/Desktop/Emotion Recognition/speech-emotion-recognition/backend/dataset/raw/ravdess/Actor_09/03-01-03-01-01-02-09.wav,ravdess,03,happy,9,male,normal,speech,train
/Users/harshmac/Desktop/Emotion Recognition/speech-emotion-recognition/backend/dataset/raw/ravdess/Actor_09/03-01-03-02-02-02-09.wav,ravdess,03,happy,9,male,strong,speech,train
/Users/harshmac/Desktop/Emotion Recognition/speech-emotion-recognition/backend/dataset/raw/ravdess/Actor_07/03-01-03-02-02-02-07.wav,ravdess,03,happy,7,male,strong,speech,train
/Users/harshmac/Desktop/Emotion Recognition/speech-emotion-recognition/backend/dataset/raw/ravdess/Actor_07/03-01-03-01-01-02-07.wav,ravdess,03,happy,7,male,normal,speech,train
/Users/harshmac/Desktop/Emotion Recognition/speech-emotion-recognition/backend/dataset/raw/ravdess/Actor_07/03-01-02-02-01-01-07.wav,ravdess,02,calm,7,male,strong,speech,val
/Users/harshmac/Desktop/Emotion Recognition/speech-emotion-recognition/backend/dataset/raw/ravdess/Actor_07/03-01-02-01-02-01-07.wav,ravdess,02,calm,7,male,normal,speech,train
/Users/harshmac/Desktop/Emotion Recognition/speech-emotion-recognition/backend/dataset/raw/ravdess/Actor_07/03-01-01-01-02-02-07.wav,ravdess,01,neutral,7,male,normal,speech,train
/Users/harshmac/Desktop/Emotion Recognition/speech-emotion-recognition/backend/dataset/raw/ravdess/Actor_07/03-01-08-02-02-01-07.wav,ravdess,08,surprise,7,male,strong,speech,test
/Users/harshmac/Desktop/Emotion Recognition/speech-emotion-recognition/backend/dataset/raw/ravdess/Actor_07/03-01-08-01-01-01-07.wav,ravdess,08,surprise,7,male,normal,speech,test
/Users/harshmac/Desktop/Emotion Recognition/speech-emotion-recognition/backend/dataset/raw/ravdess/Actor_07/03-01-06-01-02-02-07.wav,ravdess,06,fear,7,male,normal,speech,train
/Users/harshmac/Desktop/Emotion Recognition/speech-emotion-recognition/backend/dataset/raw/ravdess/Actor_07/03-01-05-01-02-01-07.wav,ravdess,05,angry,7,male,normal,speech,test
/Users/harshmac/Desktop/Emotion Recognition/speech-emotion-recognition/backend/dataset/raw/ravdess/Actor_07/03-01-05-02-01-01-07.wav,ravdess,05,angry,7,male,strong,speech,train
/Users/harshmac/Desktop/Emotion Recognition/speech-emotion-recognition/backend/dataset/raw/ravdess/Actor_07/03-01-06-02-01-02-07.wav,ravdess,06,fear,7,male,strong,speech,train
/Users/harshmac/Desktop/Emotion Recognition/speech-emotion-recognition/backend/dataset/raw/ravdess/Actor_07/03-01-04-01-01-02-07.wav,ravdess,04,sad,7,male,normal,speech,val
/Users/harshmac/Desktop/Emotion Recognition/speech-emotion-recognition/backend/dataset/raw/ravdess/Actor_07/03-01-07-01-01-01-07.wav,ravdess,07,disgust,7,male,normal,speech,train
/Users/harshmac/Desktop/Emotion Recognition/speech-emotion-recognition/backend/dataset/raw/ravdess/Actor_07/03-01-07-02-02-01-07.wav,ravdess,07,disgust,7,male,strong,speech,train
/Users/harshmac/Desktop/Emotion Recognition/speech-emotion-recognition/backend/dataset/raw/ravdess/Actor_07/03-01-04-02-02-02-07.wav,ravdess,04,sad,7,male,strong,speech,val
/Users/harshmac/Desktop/Emotion Recognition/speech-emotion-recognition/backend/dataset/raw/ravdess/Actor_07/03-01-08-02-01-02-07.wav,ravdess,08,surprise,7,male,strong,speech,train
/Users/harshmac/Desktop/Emotion Recognition/speech-emotion-recognition/backend/dataset/raw/ravdess/Actor_07/03-01-08-01-02-02-07.wav,ravdess,08,surprise,7,male,normal,speech,val
/Users/harshmac/Desktop/Emotion Recognition/speech-emotion-recognition/backend/dataset/raw/ravdess/Actor_07/03-01-05-01-01-02-07.wav,ravdess,05,angry,7,male,normal,speech,train
/Users/harshmac/Desktop/Emotion Recognition/speech-emotion-recognition/backend/dataset/raw/ravdess/Actor_07/03-01-06-01-01-01-07.wav,ravdess,06,fear,7,male,normal,speech,test
/Users/harshmac/Desktop/Emotion Recognition/speech-emotion-recognition/backend/dataset/raw/ravdess/Actor_07/03-01-06-02-02-01-07.wav,ravdess,06,fear,7,male,strong,speech,train
/Users/harshmac/Desktop/Emotion Recognition/speech-emotion-recognition/backend/dataset/raw/ravdess/Actor_07/03-01-05-02-02-02-07.wav,ravdess,05,angry,7,male,strong,speech,train
/Users/harshmac/Desktop/Emotion Recognition/speech-emotion-recognition/backend/dataset/raw/ravdess/Actor_07/03-01-07-01-02-02-07.wav,ravdess,07,disgust,7,male,normal,speech,train
/Users/harshmac/Desktop/Emotion Recognition/speech-emotion-recognition/backend/dataset/raw/ravdess/Actor_07/03-01-04-01-02-01-07.wav,ravdess,04,sad,7,male,normal,speech,train
/Users/harshmac/Desktop/Emotion Recognition/speech-emotion-recognition/backend/dataset/raw/ravdess/Actor_07/03-01-04-02-01-01-07.wav,ravdess,04,sad,7,male,strong,speech,test
/Users/harshmac/Desktop/Emotion Recognition/speech-emotion-recognition/backend/dataset/raw/ravdess/Actor_07/03-01-07-02-01-02-07.wav,ravdess,07,disgust,7,male,strong,speech,train
/Users/harshmac/Desktop/Emotion Recognition/speech-emotion-recognition/backend/dataset/raw/ravdess/Actor_07/03-01-03-02-01-01-07.wav,ravdess,03,happy,7,male,strong,speech,train
/Users/harshmac/Desktop/Emotion Recognition/speech-emotion-recognition/backend/dataset/raw/ravdess/Actor_07/03-01-03-01-02-01-07.wav,ravdess,03,happy,7,male,normal,speech,train
/Users/harshmac/Desktop/Emotion Recognition/speech-emotion-recognition/backend/dataset/raw/ravdess/Actor_07/03-01-02-02-02-02-07.wav,ravdess,02,calm,7,male,strong,speech,train
/Users/harshmac/Desktop/Emotion Recognition/speech-emotion-recognition/backend/dataset/raw/ravdess/Actor_07/03-01-01-01-01-01-07.wav,ravdess,01,neutral,7,male,normal,speech,train
/Users/harshmac/Desktop/Emotion Recognition/speech-emotion-recognition/backend/dataset/raw/ravdess/Actor_07/03-01-02-01-01-02-07.wav,ravdess,02,calm,7,male,normal,speech,train
/Users/harshmac/Desktop/Emotion Recognition/speech-emotion-recognition/backend/dataset/raw/ravdess/Actor_07/03-01-08-01-01-02-07.wav,ravdess,08,surprise,7,male,normal,speech,test
/Users/harshmac/Desktop/Emotion Recognition/speech-emotion-recognition/backend/dataset/raw/ravdess/Actor_07/03-01-08-02-02-02-07.wav,ravdess,08,surprise,7,male,strong,speech,train
/Users/harshmac/Desktop/Emotion Recognition/speech-emotion-recognition/backend/dataset/raw/ravdess/Actor_07/03-01-04-02-02-01-07.wav,ravdess,04,sad,7,male,strong,speech,train
/Users/harshmac/Desktop/Emotion Recognition/speech-emotion-recognition/backend/dataset/raw/ravdess/Actor_07/03-01-07-02-02-02-07.wav,ravdess,07,disgust,7,male,strong,speech,train
/Users/harshmac/Desktop/Emotion Recognition/speech-emotion-recognition/backend/dataset/raw/ravdess/Actor_07/03-01-07-01-01-02-07.wav,ravdess,07,disgust,7,male,normal,speech,train
/Users/harshmac/Desktop/Emotion Recognition/speech-emotion-recognition/backend/dataset/raw/ravdess/Actor_07/03-01-04-01-01-01-07.wav,ravdess,04,sad,7,male,normal,speech,val
/Users/harshmac/Desktop/Emotion Recognition/speech-emotion-recognition/backend/dataset/raw/ravdess/Actor_07/03-01-06-02-01-01-07.wav,ravdess,06,fear,7,male,strong,speech,train
/Users/harshmac/Desktop/Emotion Recognition/speech-emotion-recognition/backend/dataset/raw/ravdess/Actor_07/03-01-05-02-01-02-07.wav,ravdess,05,angry,7,male,strong,speech,train
/Users/harshmac/Desktop/Emotion Recognition/speech-emotion-recognition/backend/dataset/raw/ravdess/Actor_07/03-01-05-01-02-02-07.wav,ravdess,05,angry,7,male,normal,speech,train
/Users/harshmac/Desktop/Emotion Recognition/speech-emotion-recognition/backend/dataset/raw/ravdess/Actor_07/03-01-06-01-02-01-07.wav,ravdess,06,fear,7,male,normal,speech,train
/Users/harshmac/Desktop/Emotion Recognition/speech-emotion-recognition/backend/dataset/raw/ravdess/Actor_07/03-01-01-01-02-01-07.wav,ravdess,01,neutral,7,male,normal,speech,train
/Users/harshmac/Desktop/Emotion Recognition/speech-emotion-recognition/backend/dataset/raw/ravdess/Actor_07/03-01-02-01-02-02-07.wav,ravdess,02,calm,7,male,normal,speech,train
/Users/harshmac/Desktop/Emotion Recognition/speech-emotion-recognition/backend/dataset/raw/ravdess/Actor_07/03-01-02-02-01-02-07.wav,ravdess,02,calm,7,male,strong,speech,train
/Users/harshmac/Desktop/Emotion Recognition/speech-emotion-recognition/backend/dataset/raw/ravdess/Actor_07/03-01-03-01-01-01-07.wav,ravdess,03,happy,7,male,normal,speech,train
/Users/harshmac/Desktop/Emotion Recognition/speech-emotion-recognition/backend/dataset/raw/ravdess/Actor_07/03-01-03-02-02-01-07.wav,ravdess,03,happy,7,male,strong,speech,test
/Users/harshmac/Desktop/Emotion Recognition/speech-emotion-recognition/backend/dataset/raw/ravdess/Actor_07/03-01-02-01-01-01-07.wav,ravdess,02,calm,7,male,normal,speech,train
/Users/harshmac/Desktop/Emotion Recognition/speech-emotion-recognition/backend/dataset/raw/ravdess/Actor_07/03-01-01-01-01-02-07.wav,ravdess,01,neutral,7,male,normal,speech,train
/Users/harshmac/Desktop/Emotion Recognition/speech-emotion-recognition/backend/dataset/raw/ravdess/Actor_07/03-01-02-02-02-01-07.wav,ravdess,02,calm,7,male,strong,speech,train
/Users/harshmac/Desktop/Emotion Recognition/speech-emotion-recognition/backend/dataset/raw/ravdess/Actor_07/03-01-03-01-02-02-07.wav,ravdess,03,happy,7,male,normal,speech,train
/Users/harshmac/Desktop/Emotion Recognition/speech-emotion-recognition/backend/dataset/raw/ravdess/Actor_07/03-01-03-02-01-02-07.wav,ravdess,03,happy,7,male,strong,speech,val
/Users/harshmac/Desktop/Emotion Recognition/speech-emotion-recognition/backend/dataset/raw/ravdess/Actor_07/03-01-08-01-02-01-07.wav,ravdess,08,surprise,7,male,normal,speech,train
/Users/harshmac/Desktop/Emotion Recognition/speech-emotion-recognition/backend/dataset/raw/ravdess/Actor_07/03-01-08-02-01-01-07.wav,ravdess,08,surprise,7,male,strong,speech,train
/Users/harshmac/Desktop/Emotion Recognition/speech-emotion-recognition/backend/dataset/raw/ravdess/Actor_07/03-01-07-02-01-01-07.wav,ravdess,07,disgust,7,male,strong,speech,val
/Users/harshmac/Desktop/Emotion Recognition/speech-emotion-recognition/backend/dataset/raw/ravdess/Actor_07/03-01-04-02-01-02-07.wav,ravdess,04,sad,7,male,strong,speech,train
/Users/harshmac/Desktop/Emotion Recognition/speech-emotion-recognition/backend/dataset/raw/ravdess/Actor_07/03-01-04-01-02-02-07.wav,ravdess,04,sad,7,male,normal,speech,train
/Users/harshmac/Desktop/Emotion Recognition/speech-emotion-recognition/backend/dataset/raw/ravdess/Actor_07/03-01-07-01-02-01-07.wav,ravdess,07,disgust,7,male,normal,speech,train
/Users/harshmac/Desktop/Emotion Recognition/speech-emotion-recognition/backend/dataset/raw/ravdess/Actor_07/03-01-05-02-02-01-07.wav,ravdess,05,angry,7,male,strong,speech,train
/Users/harshmac/Desktop/Emotion Recognition/speech-emotion-recognition/backend/dataset/raw/ravdess/Actor_07/03-01-06-02-02-02-07.wav,ravdess,06,fear,7,male,strong,speech,test
/Users/harshmac/Desktop/Emotion Recognition/speech-emotion-recognition/backend/dataset/raw/ravdess/Actor_07/03-01-06-01-01-02-07.wav,ravdess,06,fear,7,male,normal,speech,test
/Users/harshmac/Desktop/Emotion Recognition/speech-emotion-recognition/backend/dataset/raw/ravdess/Actor_07/03-01-05-01-01-01-07.wav,ravdess,05,angry,7,male,normal,speech,train
/Users/harshmac/Desktop/Emotion Recognition/speech-emotion-recognition/backend/dataset/raw/ravdess/Actor_06/03-01-01-01-02-02-06.wav,ravdess,01,neutral,6,female,normal,speech,train
/Users/harshmac/Desktop/Emotion Recognition/speech-emotion-recognition/backend/dataset/raw/ravdess/Actor_06/03-01-02-01-02-01-06.wav,ravdess,02,calm,6,female,normal,speech,train
/Users/harshmac/Desktop/Emotion Recognition/speech-emotion-recognition/backend/dataset/raw/ravdess/Actor_06/03-01-02-02-01-01-06.wav,ravdess,02,calm,6,female,strong,speech,train
/Users/harshmac/Desktop/Emotion Recognition/speech-emotion-recognition/backend/dataset/raw/ravdess/Actor_06/03-01-03-01-01-02-06.wav,ravdess,03,happy,6,female,normal,speech,val
/Users/harshmac/Desktop/Emotion Recognition/speech-emotion-recognition/backend/dataset/raw/ravdess/Actor_06/03-01-03-02-02-02-06.wav,ravdess,03,happy,6,female,strong,speech,train
/Users/harshmac/Desktop/Emotion Recognition/speech-emotion-recognition/backend/dataset/raw/ravdess/Actor_06/03-01-08-01-01-01-06.wav,ravdess,08,surprise,6,female,normal,speech,train
/Users/harshmac/Desktop/Emotion Recognition/speech-emotion-recognition/backend/dataset/raw/ravdess/Actor_06/03-01-08-02-02-01-06.wav,ravdess,08,surprise,6,female,strong,speech,train
/Users/harshmac/Desktop/Emotion Recognition/speech-emotion-recognition/backend/dataset/raw/ravdess/Actor_06/03-01-04-02-02-02-06.wav,ravdess,04,sad,6,female,strong,speech,test
/Users/harshmac/Desktop/Emotion Recognition/speech-emotion-recognition/backend/dataset/raw/ravdess/Actor_06/03-01-07-02-02-01-06.wav,ravdess,07,disgust,6,female,strong,speech,val
/Users/harshmac/Desktop/Emotion Recognition/speech-emotion-recognition/backend/dataset/raw/ravdess/Actor_06/03-01-07-01-01-01-06.wav,ravdess,07,disgust,6,female,normal,speech,test
/Users/harshmac/Desktop/Emotion Recognition/speech-emotion-recognition/backend/dataset/raw/ravdess/Actor_06/03-01-04-01-01-02-06.wav,ravdess,04,sad,6,female,normal,speech,train
/Users/harshmac/Desktop/Emotion Recognition/speech-emotion-recognition/backend/dataset/raw/ravdess/Actor_06/03-01-06-02-01-02-06.wav,ravdess,06,fear,6,female,strong,speech,val
/Users/harshmac/Desktop/Emotion Recognition/speech-emotion-recognition/backend/dataset/raw/ravdess/Actor_06/03-01-05-02-01-01-06.wav,ravdess,05,angry,6,female,strong,speech,train
/Users/harshmac/Desktop/Emotion Recognition/speech-emotion-recognition/backend/dataset/raw/ravdess/Actor_06/03-01-05-01-02-01-06.wav,ravdess,05,angry,6,female,normal,speech,train
/Users/harshmac/Desktop/Emotion Recognition/speech-emotion-recognition/backend/dataset/raw/ravdess/Actor_06/03-01-06-01-02-02-06.wav,ravdess,06,fear,6,female,normal,speech,train
/Users/harshmac/Desktop/Emotion Recognition/speech-emotion-recognition/backend/dataset/raw/ravdess/Actor_06/03-01-08-01-02-02-06.wav,ravdess,08,surprise,6,female,normal,speech,train
/Users/harshmac/Desktop/Emotion Recognition/speech-emotion-recognition/backend/dataset/raw/ravdess/Actor_06/03-01-08-02-01-02-06.wav,ravdess,08,surprise,6,female,strong,speech,test
/Users/harshmac/Desktop/Emotion Recognition/speech-emotion-recognition/backend/dataset/raw/ravdess/Actor_06/03-01-07-02-01-02-06.wav,ravdess,07,disgust,6,female,strong,speech,train
/Users/harshmac/Desktop/Emotion Recognition/speech-emotion-recognition/backend/dataset/raw/ravdess/Actor_06/03-01-04-02-01-01-06.wav,ravdess,04,sad,6,female,strong,speech,train
/Users/harshmac/Desktop/Emotion Recognition/speech-emotion-recognition/backend/dataset/raw/ravdess/Actor_06/03-01-04-01-02-01-06.wav,ravdess,04,sad,6,female,normal,speech,test
/Users/harshmac/Desktop/Emotion Recognition/speech-emotion-recognition/backend/dataset/raw/ravdess/Actor_06/03-01-07-01-02-02-06.wav,ravdess,07,disgust,6,female,normal,speech,train
/Users/harshmac/Desktop/Emotion Recognition/speech-emotion-recognition/backend/dataset/raw/ravdess/Actor_06/03-01-05-02-02-02-06.wav,ravdess,05,angry,6,female,strong,speech,train
/Users/harshmac/Desktop/Emotion Recognition/speech-emotion-recognition/backend/dataset/raw/ravdess/Actor_06/03-01-06-02-02-01-06.wav,ravdess,06,fear,6,female,strong,speech,train
/Users/harshmac/Desktop/Emotion Recognition/speech-emotion-recognition/backend/dataset/raw/ravdess/Actor_06/03-01-06-01-01-01-06.wav,ravdess,06,fear,6,female,normal,speech,train
/Users/harshmac/Desktop/Emotion Recognition/speech-emotion-recognition/backend/dataset/raw/ravdess/Actor_06/03-01-05-01-01-02-06.wav,ravdess,05,angry,6,female,normal,speech,train
/Users/harshmac/Desktop/Emotion Recognition/speech-emotion-recognition/backend/dataset/raw/ravdess/Actor_06/03-01-02-01-01-02-06.wav,ravdess,02,calm,6,female,normal,speech,val
/Users/harshmac/Desktop/Emotion Recognition/speech-emotion-recognition/backend/dataset/raw/ravdess/Actor_06/03-01-01-01-01-01-06.wav,ravdess,01,neutral,6,female,normal,speech,test
/Users/harshmac/Desktop/Emotion Recognition/speech-emotion-recognition/backend/dataset/raw/ravdess/Actor_06/03-01-02-02-02-02-06.wav,ravdess,02,calm,6,female,strong,speech,test
/Users/harshmac/Desktop/Emotion Recognition/speech-emotion-recognition/backend/dataset/raw/ravdess/Actor_06/03-01-03-01-02-01-06.wav,ravdess,03,happy,6,female,normal,speech,train
/Users/harshmac/Desktop/Emotion Recognition/speech-emotion-recognition/backend/dataset/raw/ravdess/Actor_06/03-01-03-02-01-01-06.wav,ravdess,03,happy,6,female,strong,speech,train
/Users/harshmac/Desktop/Emotion Recognition/speech-emotion-recognition/backend/dataset/raw/ravdess/Actor_06/03-01-08-02-02-02-06.wav,ravdess,08,surprise,6,female,strong,speech,train
/Users/harshmac/Desktop/Emotion Recognition/speech-emotion-recognition/backend/dataset/raw/ravdess/Actor_06/03-01-08-01-01-02-06.wav,ravdess,08,surprise,6,female,normal,speech,val
/Users/harshmac/Desktop/Emotion Recognition/speech-emotion-recognition/backend/dataset/raw/ravdess/Actor_06/03-01-06-01-02-01-06.wav,ravdess,06,fear,6,female,normal,speech,train
/Users/harshmac/Desktop/Emotion Recognition/speech-emotion-recognition/backend/dataset/raw/ravdess/Actor_06/03-01-05-01-02-02-06.wav,ravdess,05,angry,6,female,normal,speech,train
/Users/harshmac/Desktop/Emotion Recognition/speech-emotion-recognition/backend/dataset/raw/ravdess/Actor_06/03-01-05-02-01-02-06.wav,ravdess,05,angry,6,female,strong,speech,val
/Users/harshmac/Desktop/Emotion Recognition/speech-emotion-recognition/backend/dataset/raw/ravdess/Actor_06/03-01-06-02-01-01-06.wav,ravdess,06,fear,6,female,strong,speech,train
/Users/harshmac/Desktop/Emotion Recognition/speech-emotion-recognition/backend/dataset/raw/ravdess/Actor_06/03-01-04-01-01-01-06.wav,ravdess,04,sad,6,female,normal,speech,train
/Users/harshmac/Desktop/Emotion Recognition/speech-emotion-recognition/backend/dataset/raw/ravdess/Actor_06/03-01-07-01-01-02-06.wav,ravdess,07,disgust,6,female,normal,speech,train
/Users/harshmac/Desktop/Emotion Recognition/speech-emotion-recognition/backend/dataset/raw/ravdess/Actor_06/03-01-07-02-02-02-06.wav,ravdess,07,disgust,6,female,strong,speech,val
/Users/harshmac/Desktop/Emotion Recognition/speech-emotion-recognition/backend/dataset/raw/ravdess/Actor_06/03-01-04-02-02-01-06.wav,ravdess,04,sad,6,female,strong,speech,val
/Users/harshmac/Desktop/Emotion Recognition/speech-emotion-recognition/backend/dataset/raw/ravdess/Actor_06/03-01-03-02-02-01-06.wav,ravdess,03,happy,6,female,strong,speech,train
/Users/harshmac/Desktop/Emotion Recognition/speech-emotion-recognition/backend/dataset/raw/ravdess/Actor_06/03-01-03-01-01-01-06.wav,ravdess,03,happy,6,female,normal,speech,train
/Users/harshmac/Desktop/Emotion Recognition/speech-emotion-recognition/backend/dataset/raw/ravdess/Actor_06/03-01-02-02-01-02-06.wav,ravdess,02,calm,6,female,strong,speech,train
/Users/harshmac/Desktop/Emotion Recognition/speech-emotion-recognition/backend/dataset/raw/ravdess/Actor_06/03-01-02-01-02-02-06.wav,ravdess,02,calm,6,female,normal,speech,test
/Users/harshmac/Desktop/Emotion Recognition/speech-emotion-recognition/backend/dataset/raw/ravdess/Actor_06/03-01-01-01-02-01-06.wav,ravdess,01,neutral,6,female,normal,speech,val
/Users/harshmac/Desktop/Emotion Recognition/speech-emotion-recognition/backend/dataset/raw/ravdess/Actor_06/03-01-03-02-01-02-06.wav,ravdess,03,happy,6,female,strong,speech,train
/Users/harshmac/Desktop/Emotion Recognition/speech-emotion-recognition/backend/dataset/raw/ravdess/Actor_06/03-01-03-01-02-02-06.wav,ravdess,03,happy,6,female,normal,speech,train
/Users/harshmac/Desktop/Emotion Recognition/speech-emotion-recognition/backend/dataset/raw/ravdess/Actor_06/03-01-02-02-02-01-06.wav,ravdess,02,calm,6,female,strong,speech,train
/Users/harshmac/Desktop/Emotion Recognition/speech-emotion-recognition/backend/dataset/raw/ravdess/Actor_06/03-01-01-01-01-02-06.wav,ravdess,01,neutral,6,female,normal,speech,train
/Users/harshmac/Desktop/Emotion Recognition/speech-emotion-recognition/backend/dataset/raw/ravdess/Actor_06/03-01-02-01-01-01-06.wav,ravdess,02,calm,6,female,normal,speech,train
/Users/harshmac/Desktop/Emotion Recognition/speech-emotion-recognition/backend/dataset/raw/ravdess/Actor_06/03-01-08-02-01-01-06.wav,ravdess,08,surprise,6,female,strong,speech,train
/Users/harshmac/Desktop/Emotion Recognition/speech-emotion-recognition/backend/dataset/raw/ravdess/Actor_06/03-01-08-01-02-01-06.wav,ravdess,08,surprise,6,female,normal,speech,train
/Users/harshmac/Desktop/Emotion Recognition/speech-emotion-recognition/backend/dataset/raw/ravdess/Actor_06/03-01-05-01-01-01-06.wav,ravdess,05,angry,6,female,normal,speech,val
/Users/harshmac/Desktop/Emotion Recognition/speech-emotion-recognition/backend/dataset/raw/ravdess/Actor_06/03-01-06-01-01-02-06.wav,ravdess,06,fear,6,female,normal,speech,val
/Users/harshmac/Desktop/Emotion Recognition/speech-emotion-recognition/backend/dataset/raw/ravdess/Actor_06/03-01-06-02-02-02-06.wav,ravdess,06,fear,6,female,strong,speech,train
/Users/harshmac/Desktop/Emotion Recognition/speech-emotion-recognition/backend/dataset/raw/ravdess/Actor_06/03-01-05-02-02-01-06.wav,ravdess,05,angry,6,female,strong,speech,train
/Users/harshmac/Desktop/Emotion Recognition/speech-emotion-recognition/backend/dataset/raw/ravdess/Actor_06/03-01-07-01-02-01-06.wav,ravdess,07,disgust,6,female,normal,speech,train
/Users/harshmac/Desktop/Emotion Recognition/speech-emotion-recognition/backend/dataset/raw/ravdess/Actor_06/03-01-04-01-02-02-06.wav,ravdess,04,sad,6,female,normal,speech,train
/Users/harshmac/Desktop/Emotion Recognition/speech-emotion-recognition/backend/dataset/raw/ravdess/Actor_06/03-01-04-02-01-02-06.wav,ravdess,04,sad,6,female,strong,speech,train
/Users/harshmac/Desktop/Emotion Recognition/speech-emotion-recognition/backend/dataset/raw/ravdess/Actor_06/03-01-07-02-01-01-06.wav,ravdess,07,disgust,6,female,strong,speech,train
/Users/harshmac/Desktop/Emotion Recognition/speech-emotion-recognition/backend/dataset/raw/ravdess/Actor_01/03-01-08-02-02-01-01.wav,ravdess,08,surprise,1,male,strong,speech,train
/Users/harshmac/Desktop/Emotion Recognition/speech-emotion-recognition/backend/dataset/raw/ravdess/Actor_01/03-01-08-01-01-01-01.wav,ravdess,08,surprise,1,male,normal,speech,train
/Users/harshmac/Desktop/Emotion Recognition/speech-emotion-recognition/backend/dataset/raw/ravdess/Actor_01/03-01-05-01-02-01-01.wav,ravdess,05,angry,1,male,normal,speech,train
/Users/harshmac/Desktop/Emotion Recognition/speech-emotion-recognition/backend/dataset/raw/ravdess/Actor_01/03-01-06-01-02-02-01.wav,ravdess,06,fear,1,male,normal,speech,val
/Users/harshmac/Desktop/Emotion Recognition/speech-emotion-recognition/backend/dataset/raw/ravdess/Actor_01/03-01-06-02-01-02-01.wav,ravdess,06,fear,1,male,strong,speech,val
/Users/harshmac/Desktop/Emotion Recognition/speech-emotion-recognition/backend/dataset/raw/ravdess/Actor_01/03-01-05-02-01-01-01.wav,ravdess,05,angry,1,male,strong,speech,train
/Users/harshmac/Desktop/Emotion Recognition/speech-emotion-recognition/backend/dataset/raw/ravdess/Actor_01/03-01-07-01-01-01-01.wav,ravdess,07,disgust,1,male,normal,speech,train
/Users/harshmac/Desktop/Emotion Recognition/speech-emotion-recognition/backend/dataset/raw/ravdess/Actor_01/03-01-04-01-01-02-01.wav,ravdess,04,sad,1,male,normal,speech,train
/Users/harshmac/Desktop/Emotion Recognition/speech-emotion-recognition/backend/dataset/raw/ravdess/Actor_01/03-01-04-02-02-02-01.wav,ravdess,04,sad,1,male,strong,speech,train
/Users/harshmac/Desktop/Emotion Recognition/speech-emotion-recognition/backend/dataset/raw/ravdess/Actor_01/03-01-07-02-02-01-01.wav,ravdess,07,disgust,1,male,strong,speech,train
/Users/harshmac/Desktop/Emotion Recognition/speech-emotion-recognition/backend/dataset/raw/ravdess/Actor_01/03-01-03-02-02-02-01.wav,ravdess,03,happy,1,male,strong,speech,train
/Users/harshmac/Desktop/Emotion Recognition/speech-emotion-recognition/backend/dataset/raw/ravdess/Actor_01/03-01-03-01-01-02-01.wav,ravdess,03,happy,1,male,normal,speech,train
/Users/harshmac/Desktop/Emotion Recognition/speech-emotion-recognition/backend/dataset/raw/ravdess/Actor_01/03-01-02-02-01-01-01.wav,ravdess,02,calm,1,male,strong,speech,train
/Users/harshmac/Desktop/Emotion Recognition/speech-emotion-recognition/backend/dataset/raw/ravdess/Actor_01/03-01-01-01-02-02-01.wav,ravdess,01,neutral,1,male,normal,speech,val
/Users/harshmac/Desktop/Emotion Recognition/speech-emotion-recognition/backend/dataset/raw/ravdess/Actor_01/03-01-02-01-02-01-01.wav,ravdess,02,calm,1,male,normal,speech,train
/Users/harshmac/Desktop/Emotion Recognition/speech-emotion-recognition/backend/dataset/raw/ravdess/Actor_01/03-01-03-02-01-01-01.wav,ravdess,03,happy,1,male,strong,speech,test
/Users/harshmac/Desktop/Emotion Recognition/speech-emotion-recognition/backend/dataset/raw/ravdess/Actor_01/03-01-03-01-02-01-01.wav,ravdess,03,happy,1,male,normal,speech,test
/Users/harshmac/Desktop/Emotion Recognition/speech-emotion-recognition/backend/dataset/raw/ravdess/Actor_01/03-01-02-02-02-02-01.wav,ravdess,02,calm,1,male,strong,speech,val
/Users/harshmac/Desktop/Emotion Recognition/speech-emotion-recognition/backend/dataset/raw/ravdess/Actor_01/03-01-02-01-01-02-01.wav,ravdess,02,calm,1,male,normal,speech,train
/Users/harshmac/Desktop/Emotion Recognition/speech-emotion-recognition/backend/dataset/raw/ravdess/Actor_01/03-01-01-01-01-01-01.wav,ravdess,01,neutral,1,male,normal,speech,train
/Users/harshmac/Desktop/Emotion Recognition/speech-emotion-recognition/backend/dataset/raw/ravdess/Actor_01/03-01-08-02-01-02-01.wav,ravdess,08,surprise,1,male,strong,speech,train
/Users/harshmac/Desktop/Emotion Recognition/speech-emotion-recognition/backend/dataset/raw/ravdess/Actor_01/03-01-08-01-02-02-01.wav,ravdess,08,surprise,1,male,normal,speech,train
/Users/harshmac/Desktop/Emotion Recognition/speech-emotion-recognition/backend/dataset/raw/ravdess/Actor_01/03-01-06-01-01-01-01.wav,ravdess,06,fear,1,male,normal,speech,train
/Users/harshmac/Desktop/Emotion Recognition/speech-emotion-recognition/backend/dataset/raw/ravdess/Actor_01/03-01-05-01-01-02-01.wav,ravdess,05,angry,1,male,normal,speech,train
/Users/harshmac/Desktop/Emotion Recognition/speech-emotion-recognition/backend/dataset/raw/ravdess/Actor_01/03-01-05-02-02-02-01.wav,ravdess,05,angry,1,male,strong,speech,train
/Users/harshmac/Desktop/Emotion Recognition/speech-emotion-recognition/backend/dataset/raw/ravdess/Actor_01/03-01-06-02-02-01-01.wav,ravdess,06,fear,1,male,strong,speech,train
/Users/harshmac/Desktop/Emotion Recognition/speech-emotion-recognition/backend/dataset/raw/ravdess/Actor_01/03-01-04-01-02-01-01.wav,ravdess,04,sad,1,male,normal,speech,train
/Users/harshmac/Desktop/Emotion Recognition/speech-emotion-recognition/backend/dataset/raw/ravdess/Actor_01/03-01-07-01-02-02-01.wav,ravdess,07,disgust,1,male,normal,speech,train
/Users/harshmac/Desktop/Emotion Recognition/speech-emotion-recognition/backend/dataset/raw/ravdess/Actor_01/03-01-07-02-01-02-01.wav,ravdess,07,disgust,1,male,strong,speech,test
/Users/harshmac/Desktop/Emotion Recognition/speech-emotion-recognition/backend/dataset/raw/ravdess/Actor_01/03-01-04-02-01-01-01.wav,ravdess,04,sad,1,male,strong,speech,test
/Users/harshmac/Desktop/Emotion Recognition/speech-emotion-recognition/backend/dataset/raw/ravdess/Actor_01/03-01-02-01-02-02-01.wav,ravdess,02,calm,1,male,normal,speech,train
/Users/harshmac/Desktop/Emotion Recognition/speech-emotion-recognition/backend/dataset/raw/ravdess/Actor_01/03-01-01-01-02-01-01.wav,ravdess,01,neutral,1,male,normal,speech,train
/Users/harshmac/Desktop/Emotion Recognition/speech-emotion-recognition/backend/dataset/raw/ravdess/Actor_01/03-01-02-02-01-02-01.wav,ravdess,02,calm,1,male,strong,speech,train
/Users/harshmac/Desktop/Emotion Recognition/speech-emotion-recognition/backend/dataset/raw/ravdess/Actor_01/03-01-03-01-01-01-01.wav,ravdess,03,happy,1,male,normal,speech,train
/Users/harshmac/Desktop/Emotion Recognition/speech-emotion-recognition/backend/dataset/raw/ravdess/Actor_01/03-01-03-02-02-01-01.wav,ravdess,03,happy,1,male,strong,speech,train
/Users/harshmac/Desktop/Emotion Recognition/speech-emotion-recognition/backend/dataset/raw/ravdess/Actor_01/03-01-08-01-01-02-01.wav,ravdess,08,surprise,1,male,normal,speech,train
/Users/harshmac/Desktop/Emotion Recognition/speech-emotion-recognition/backend/dataset/raw/ravdess/Actor_01/03-01-08-02-02-02-01.wav,ravdess,08,surprise,1,male,strong,speech,val
/Users/harshmac/Desktop/Emotion Recognition/speech-emotion-recognition/backend/dataset/raw/ravdess/Actor_01/03-01-07-02-02-02-01.wav,ravdess,07,disgust,1,male,strong,speech,train
/Users/harshmac/Desktop/Emotion Recognition/speech-emotion-recognition/backend/dataset/raw/ravdess/Actor_01/03-01-04-02-02-01-01.wav,ravdess,04,sad,1,male,strong,speech,train
/Users/harshmac/Desktop/Emotion Recognition/speech-emotion-recognition/backend/dataset/raw/ravdess/Actor_01/03-01-04-01-01-01-01.wav,ravdess,04,sad,1,male,normal,speech,val
/Users/harshmac/Desktop/Emotion Recognition/speech-emotion-recognition/backend/dataset/raw/ravdess/Actor_01/03-01-07-01-01-02-01.wav,ravdess,07,disgust,1,male,normal,speech,train
/Users/harshmac/Desktop/Emotion Recognition/speech-emotion-recognition/backend/dataset/raw/ravdess/Actor_01/03-01-05-02-01-02-01.wav,ravdess,05,angry,1,male,strong,speech,train
/Users/harshmac/Desktop/Emotion Recognition/speech-emotion-recognition/backend/dataset/raw/ravdess/Actor_01/03-01-06-02-01-01-01.wav,ravdess,06,fear,1,male,strong,speech,test
/Users/harshmac/Desktop/Emotion Recognition/speech-emotion-recognition/backend/dataset/raw/ravdess/Actor_01/03-01-06-01-02-01-01.wav,ravdess,06,fear,1,male,normal,speech,train
/Users/harshmac/Desktop/Emotion Recognition/speech-emotion-recognition/backend/dataset/raw/ravdess/Actor_01/03-01-05-01-02-02-01.wav,ravdess,05,angry,1,male,normal,speech,train
/Users/harshmac/Desktop/Emotion Recognition/speech-emotion-recognition/backend/dataset/raw/ravdess/Actor_01/03-01-08-01-02-01-01.wav,ravdess,08,surprise,1,male,normal,speech,train
/Users/harshmac/Desktop/Emotion Recognition/speech-emotion-recognition/backend/dataset/raw/ravdess/Actor_01/03-01-08-02-01-01-01.wav,ravdess,08,surprise,1,male,strong,speech,train
/Users/harshmac/Desktop/Emotion Recognition/speech-emotion-recognition/backend/dataset/raw/ravdess/Actor_01/03-01-04-02-01-02-01.wav,ravdess,04,sad,1,male,strong,speech,test
/Users/harshmac/Desktop/Emotion Recognition/speech-emotion-recognition/backend/dataset/raw/ravdess/Actor_01/03-01-07-02-01-01-01.wav,ravdess,07,disgust,1,male,strong,speech,train
/Users/harshmac/Desktop/Emotion Recognition/speech-emotion-recognition/backend/dataset/raw/ravdess/Actor_01/03-01-07-01-02-01-01.wav,ravdess,07,disgust,1,male,normal,speech,val
/Users/harshmac/Desktop/Emotion Recognition/speech-emotion-recognition/backend/dataset/raw/ravdess/Actor_01/03-01-04-01-02-02-01.wav,ravdess,04,sad,1,male,normal,speech,train
/Users/harshmac/Desktop/Emotion Recognition/speech-emotion-recognition/backend/dataset/raw/ravdess/Actor_01/03-01-06-02-02-02-01.wav,ravdess,06,fear,1,male,strong,speech,train
/Users/harshmac/Desktop/Emotion Recognition/speech-emotion-recognition/backend/dataset/raw/ravdess/Actor_01/03-01-05-02-02-01-01.wav,ravdess,05,angry,1,male,strong,speech,train
/Users/harshmac/Desktop/Emotion Recognition/speech-emotion-recognition/backend/dataset/raw/ravdess/Actor_01/03-01-05-01-01-01-01.wav,ravdess,05,angry,1,male,normal,speech,train
/Users/harshmac/Desktop/Emotion Recognition/speech-emotion-recognition/backend/dataset/raw/ravdess/Actor_01/03-01-06-01-01-02-01.wav,ravdess,06,fear,1,male,normal,speech,train
/Users/harshmac/Desktop/Emotion Recognition/speech-emotion-recognition/backend/dataset/raw/ravdess/Actor_01/03-01-01-01-01-02-01.wav,ravdess,01,neutral,1,male,normal,speech,train
/Users/harshmac/Desktop/Emotion Recognition/speech-emotion-recognition/backend/dataset/raw/ravdess/Actor_01/03-01-02-01-01-01-01.wav,ravdess,02,calm,1,male,normal,speech,test
/Users/harshmac/Desktop/Emotion Recognition/speech-emotion-recognition/backend/dataset/raw/ravdess/Actor_01/03-01-02-02-02-01-01.wav,ravdess,02,calm,1,male,strong,speech,test
/Users/harshmac/Desktop/Emotion Recognition/speech-emotion-recognition/backend/dataset/raw/ravdess/Actor_01/03-01-03-01-02-02-01.wav,ravdess,03,happy,1,male,normal,speech,train
/Users/harshmac/Desktop/Emotion Recognition/speech-emotion-recognition/backend/dataset/raw/ravdess/Actor_01/03-01-03-02-01-02-01.wav,ravdess,03,happy,1,male,strong,speech,val
/Users/harshmac/Desktop/Emotion Recognition/speech-emotion-recognition/backend/dataset/raw/ravdess/Actor_08/03-01-08-01-02-01-08.wav,ravdess,08,surprise,8,female,normal,speech,train
/Users/harshmac/Desktop/Emotion Recognition/speech-emotion-recognition/backend/dataset/raw/ravdess/Actor_08/03-01-08-02-01-01-08.wav,ravdess,08,surprise,8,female,strong,speech,val
/Users/harshmac/Desktop/Emotion Recognition/speech-emotion-recognition/backend/dataset/raw/ravdess/Actor_08/03-01-07-02-01-01-08.wav,ravdess,07,disgust,8,female,strong,speech,train
/Users/harshmac/Desktop/Emotion Recognition/speech-emotion-recognition/backend/dataset/raw/ravdess/Actor_08/03-01-04-02-01-02-08.wav,ravdess,04,sad,8,female,strong,speech,test
/Users/harshmac/Desktop/Emotion Recognition/speech-emotion-recognition/backend/dataset/raw/ravdess/Actor_08/03-01-04-01-02-02-08.wav,ravdess,04,sad,8,female,normal,speech,val
/Users/harshmac/Desktop/Emotion Recognition/speech-emotion-recognition/backend/dataset/raw/ravdess/Actor_08/03-01-07-01-02-01-08.wav,ravdess,07,disgust,8,female,normal,speech,train
/Users/harshmac/Desktop/Emotion Recognition/speech-emotion-recognition/backend/dataset/raw/ravdess/Actor_08/03-01-05-02-02-01-08.wav,ravdess,05,angry,8,female,strong,speech,train
/Users/harshmac/Desktop/Emotion Recognition/speech-emotion-recognition/backend/dataset/raw/ravdess/Actor_08/03-01-06-02-02-02-08.wav,ravdess,06,fear,8,female,strong,speech,test
/Users/harshmac/Desktop/Emotion Recognition/speech-emotion-recognition/backend/dataset/raw/ravdess/Actor_08/03-01-06-01-01-02-08.wav,ravdess,06,fear,8,female,normal,speech,val
/Users/harshmac/Desktop/Emotion Recognition/speech-emotion-recognition/backend/dataset/raw/ravdess/Actor_08/03-01-05-01-01-01-08.wav,ravdess,05,angry,8,female,normal,speech,train
/Users/harshmac/Desktop/Emotion Recognition/speech-emotion-recognition/backend/dataset/raw/ravdess/Actor_08/03-01-02-01-01-01-08.wav,ravdess,02,calm,8,female,normal,speech,train
/Users/harshmac/Desktop/Emotion Recognition/speech-emotion-recognition/backend/dataset/raw/ravdess/Actor_08/03-01-01-01-01-02-08.wav,ravdess,01,neutral,8,female,normal,speech,train
/Users/harshmac/Desktop/Emotion Recognition/speech-emotion-recognition/backend/dataset/raw/ravdess/Actor_08/03-01-02-02-02-01-08.wav,ravdess,02,calm,8,female,strong,speech,val
/Users/harshmac/Desktop/Emotion Recognition/speech-emotion-recognition/backend/dataset/raw/ravdess/Actor_08/03-01-03-01-02-02-08.wav,ravdess,03,happy,8,female,normal,speech,test
/Users/harshmac/Desktop/Emotion Recognition/speech-emotion-recognition/backend/dataset/raw/ravdess/Actor_08/03-01-03-02-01-02-08.wav,ravdess,03,happy,8,female,strong,speech,train
/Users/harshmac/Desktop/Emotion Recognition/speech-emotion-recognition/backend/dataset/raw/ravdess/Actor_08/03-01-01-01-02-01-08.wav,ravdess,01,neutral,8,female,normal,speech,val
/Users/harshmac/Desktop/Emotion Recognition/speech-emotion-recognition/backend/dataset/raw/ravdess/Actor_08/03-01-02-01-02-02-08.wav,ravdess,02,calm,8,female,normal,speech,train
/Users/harshmac/Desktop/Emotion Recognition/speech-emotion-recognition/backend/dataset/raw/ravdess/Actor_08/03-01-02-02-01-02-08.wav,ravdess,02,calm,8,female,strong,speech,test
/Users/harshmac/Desktop/Emotion Recognition/speech-emotion-recognition/backend/dataset/raw/ravdess/Actor_08/03-01-03-01-01-01-08.wav,ravdess,03,happy,8,female,normal,speech,test
/Users/harshmac/Desktop/Emotion Recognition/speech-emotion-recognition/backend/dataset/raw/ravdess/Actor_08/03-01-03-02-02-01-08.wav,ravdess,03,happy,8,female,strong,speech,train
/Users/harshmac/Desktop/Emotion Recognition/speech-emotion-recognition/backend/dataset/raw/ravdess/Actor_08/03-01-08-01-01-02-08.wav,ravdess,08,surprise,8,female,normal,speech,test
/Users/harshmac/Desktop/Emotion Recognition/speech-emotion-recognition/backend/dataset/raw/ravdess/Actor_08/03-01-08-02-02-02-08.wav,ravdess,08,surprise,8,female,strong,speech,val
/Users/harshmac/Desktop/Emotion Recognition/speech-emotion-recognition/backend/dataset/raw/ravdess/Actor_08/03-01-04-02-02-01-08.wav,ravdess,04,sad,8,female,strong,speech,test
/Users/harshmac/Desktop/Emotion Recognition/speech-emotion-recognition/backend/dataset/raw/ravdess/Actor_08/03-01-07-02-02-02-08.wav,ravdess,07,disgust,8,female,strong,speech,train
/Users/harshmac/Desktop/Emotion Recognition/speech-emotion-recognition/backend/dataset/raw/ravdess/Actor_08/03-01-07-01-01-02-08.wav,ravdess,07,disgust,8,female,normal,speech,train
/Users/harshmac/Desktop/Emotion Recognition/speech-emotion-recognition/backend/dataset/raw/ravdess/Actor_08/03-01-04-01-01-01-08.wav,ravdess,04,sad,8,female,normal,speech,train
/Users/harshmac/Desktop/Emotion Recognition/speech-emotion-recognition/backend/dataset/raw/ravdess/Actor_08/03-01-06-02-01-01-08.wav,ravdess,06,fear,8,female,strong,speech,train
/Users/harshmac/Desktop/Emotion Recognition/speech-emotion-recognition/backend/dataset/raw/ravdess/Actor_08/03-01-05-02-01-02-08.wav,ravdess,05,angry,8,female,strong,speech,test
/Users/harshmac/Desktop/Emotion Recognition/speech-emotion-recognition/backend/dataset/raw/ravdess/Actor_08/03-01-05-01-02-02-08.wav,ravdess,05,angry,8,female,normal,speech,val
/Users/harshmac/Desktop/Emotion Recognition/speech-emotion-recognition/backend/dataset/raw/ravdess/Actor_08/03-01-06-01-02-01-08.wav,ravdess,06,fear,8,female,normal,speech,train
/Users/harshmac/Desktop/Emotion Recognition/speech-emotion-recognition/backend/dataset/raw/ravdess/Actor_08/03-01-03-02-01-01-08.wav,ravdess,03,happy,8,female,strong,speech,train
/Users/harshmac/Desktop/Emotion Recognition/speech-emotion-recognition/backend/dataset/raw/ravdess/Actor_08/03-01-03-01-02-01-08.wav,ravdess,03,happy,8,female,normal,speech,train
/Users/harshmac/Desktop/Emotion Recognition/speech-emotion-recognition/backend/dataset/raw/ravdess/Actor_08/03-01-02-02-02-02-08.wav,ravdess,02,calm,8,female,strong,speech,train
/Users/harshmac/Desktop/Emotion Recognition/speech-emotion-recognition/backend/dataset/raw/ravdess/Actor_08/03-01-01-01-01-01-08.wav,ravdess,01,neutral,8,female,normal,speech,train
/Users/harshmac/Desktop/Emotion Recognition/speech-emotion-recognition/backend/dataset/raw/ravdess/Actor_08/03-01-02-01-01-02-08.wav,ravdess,02,calm,8,female,normal,speech,test
/Users/harshmac/Desktop/Emotion Recognition/speech-emotion-recognition/backend/dataset/raw/ravdess/Actor_08/03-01-08-02-01-02-08.wav,ravdess,08,surprise,8,female,strong,speech,train
/Users/harshmac/Desktop/Emotion Recognition/speech-emotion-recognition/backend/dataset/raw/ravdess/Actor_08/03-01-08-01-02-02-08.wav,ravdess,08,surprise,8,female,normal,speech,train
/Users/harshmac/Desktop/Emotion Recognition/speech-emotion-recognition/backend/dataset/raw/ravdess/Actor_08/03-01-05-01-01-02-08.wav,ravdess,05,angry,8,female,normal,speech,test
/Users/harshmac/Desktop/Emotion Recognition/speech-emotion-recognition/backend/dataset/raw/ravdess/Actor_08/03-01-06-01-01-01-08.wav,ravdess,06,fear,8,female,normal,speech,val
/Users/harshmac/Desktop/Emotion Recognition/speech-emotion-recognition/backend/dataset/raw/ravdess/Actor_08/03-01-06-02-02-01-08.wav,ravdess,06,fear,8,female,strong,speech,train
/Users/harshmac/Desktop/Emotion Recognition/speech-emotion-recognition/backend/dataset/raw/ravdess/Actor_08/03-01-05-02-02-02-08.wav,ravdess,05,angry,8,female,strong,speech,train
/Users/harshmac/Desktop/Emotion Recognition/speech-emotion-recognition/backend/dataset/raw/ravdess/Actor_08/03-01-07-01-02-02-08.wav,ravdess,07,disgust,8,female,normal,speech,test
/Users/harshmac/Desktop/Emotion Recognition/speech-emotion-recognition/backend/dataset/raw/ravdess/Actor_08/03-01-04-01-02-01-08.wav,ravdess,04,sad,8,female,normal,speech,test
/Users/harshmac/Desktop/Emotion Recognition/speech-emotion-recognition/backend/dataset/raw/ravdess/Actor_08/03-01-04-02-01-01-08.wav,ravdess,04,sad,8,female,strong,speech,test
/Users/harshmac/Desktop/Emotion Recognition/speech-emotion-recognition/backend/dataset/raw/ravdess/Actor_08/03-01-07-02-01-02-08.wav,ravdess,07,disgust,8,female,strong,speech,test
/Users/harshmac/Desktop/Emotion Recognition/speech-emotion-recognition/backend/dataset/raw/ravdess/Actor_08/03-01-08-02-02-01-08.wav,ravdess,08,surprise,8,female,strong,speech,train
/Users/harshmac/Desktop/Emotion Recognition/speech-emotion-recognition/backend/dataset/raw/ravdess/Actor_08/03-01-08-01-01-01-08.wav,ravdess,08,surprise,8,female,normal,speech,train
/Users/harshmac/Desktop/Emotion Recognition/speech-emotion-recognition/backend/dataset/raw/ravdess/Actor_08/03-01-06-01-02-02-08.wav,ravdess,06,fear,8,female,normal,speech,train
/Users/harshmac/Desktop/Emotion Recognition/speech-emotion-recognition/backend/dataset/raw/ravdess/Actor_08/03-01-05-01-02-01-08.wav,ravdess,05,angry,8,female,normal,speech,test
/Users/harshmac/Desktop/Emotion Recognition/speech-emotion-recognition/backend/dataset/raw/ravdess/Actor_08/03-01-05-02-01-01-08.wav,ravdess,05,angry,8,female,strong,speech,train
/Users/harshmac/Desktop/Emotion Recognition/speech-emotion-recognition/backend/dataset/raw/ravdess/Actor_08/03-01-06-02-01-02-08.wav,ravdess,06,fear,8,female,strong,speech,train
/Users/harshmac/Desktop/Emotion Recognition/speech-emotion-recognition/backend/dataset/raw/ravdess/Actor_08/03-01-04-01-01-02-08.wav,ravdess,04,sad,8,female,normal,speech,val
/Users/harshmac/Desktop/Emotion Recognition/speech-emotion-recognition/backend/dataset/raw/ravdess/Actor_08/03-01-07-01-01-01-08.wav,ravdess,07,disgust,8,female,normal,speech,train
/Users/harshmac/Desktop/Emotion Recognition/speech-emotion-recognition/backend/dataset/raw/ravdess/Actor_08/03-01-07-02-02-01-08.wav,ravdess,07,disgust,8,female,strong,speech,train
/Users/harshmac/Desktop/Emotion Recognition/speech-emotion-recognition/backend/dataset/raw/ravdess/Actor_08/03-01-04-02-02-02-08.wav,ravdess,04,sad,8,female,strong,speech,test
/Users/harshmac/Desktop/Emotion Recognition/speech-emotion-recognition/backend/dataset/raw/ravdess/Actor_08/03-01-03-02-02-02-08.wav,ravdess,03,happy,8,female,strong,speech,train
/Users/harshmac/Desktop/Emotion Recognition/speech-emotion-recognition/backend/dataset/raw/ravdess/Actor_08/03-01-03-01-01-02-08.wav,ravdess,03,happy,8,female,normal,speech,val
/Users/harshmac/Desktop/Emotion Recognition/speech-emotion-recognition/backend/dataset/raw/ravdess/Actor_08/03-01-02-02-01-01-08.wav,ravdess,02,calm,8,female,strong,speech,train
/Users/harshmac/Desktop/Emotion Recognition/speech-emotion-recognition/backend/dataset/raw/ravdess/Actor_08/03-01-02-01-02-01-08.wav,ravdess,02,calm,8,female,normal,speech,test
/Users/harshmac/Desktop/Emotion Recognition/speech-emotion-recognition/backend/dataset/raw/ravdess/Actor_08/03-01-01-01-02-02-08.wav,ravdess,01,neutral,8,female,normal,speech,train
